UserId,GuideSession,GuideDownload,ConnectionRequested,PhotoUpload
757,22.0,2.0,2.0,7.0
194,5.0,1.0,1.0,14.0
1656,32.0,1.0,2.0,7.0
563,11.0,1.0,2.0,2.0
1276,13.0,1.0,2.0,7.0
1077,26.0,2.0,2.0,7.0
2109,4.0,3.0,2.0,7.0
918,26.0,2.0,2.0,7.0
1349,14.0,1.0,2.0,7.0
525,18.0,1.0,2.0,1.0
1223,12.0,1.0,2.0,7.0
238,16.0,3.0,2.0,4.0
542,32.0,1.0,2.0,1.0
2429,77.0,2.0,2.0,7.0
2331,42.0,1.0,2.0,7.0
1625,23.0,1.0,2.0,7.0
2262,161.0,1.0,2.0,7.0
230,23.0,3.0,3.0,1.0
1477,24.0,1.0,2.0,7.0
1602,18.0,1.0,2.0,7.0
718,25.0,1.0,2.0,7.0
1806,12.0,1.0,2.0,7.0
1001,22.0,1.0,2.0,7.0
317,23.0,1.0,3.0,3.0
109,25.0,4.0,3.0,22.0
781,23.0,3.0,2.0,7.0
1256,21.0,1.0,2.0,7.0
2131,27.0,1.0,2.0,7.0
1298,19.0,1.0,2.0,7.0
1808,16.0,1.0,2.0,7.0
1498,20.0,3.0,2.0,7.0
1635,27.0,2.0,2.0,7.0
1547,21.0,2.0,2.0,7.0
1501,23.0,1.0,2.0,7.0
1591,15.0,3.0,2.0,7.0
845,27.0,1.0,2.0,7.0
1093,26.0,2.0,2.0,7.0
87,22.0,1.0,2.0,18.0
1566,31.0,1.0,2.0,7.0
1791,15.0,1.0,2.0,7.0
2078,13.0,1.0,2.0,7.0
2224,37.0,1.0,2.0,7.0
1990,29.0,1.0,2.0,7.0
281,23.0,1.0,1.0,2.0
48,21.0,2.0,1.0,18.0
1936,28.0,1.0,2.0,7.0
1292,30.0,2.0,2.0,7.0
165,29.0,1.0,1.0,19.0
857,17.0,2.0,2.0,7.0
1890,15.0,1.0,2.0,7.0
68,19.0,2.0,1.0,16.0
1838,26.0,2.0,2.0,7.0
1179,32.0,1.0,2.0,7.0
166,23.0,1.0,2.0,12.0
1571,24.0,1.0,2.0,7.0
1887,18.0,1.0,2.0,7.0
1614,10.0,2.0,2.0,7.0
161,22.0,1.0,1.0,16.0
1138,27.0,1.0,2.0,7.0
59,42.0,2.0,3.0,14.0
251,27.0,1.0,2.0,3.0
854,25.0,1.0,2.0,7.0
419,33.0,2.0,1.0,2.0
1022,22.0,1.0,2.0,7.0
1686,22.0,1.0,2.0,7.0
635,20.0,1.0,2.0,3.0
1933,13.0,1.0,2.0,7.0
950,23.0,1.0,2.0,7.0
1480,30.0,1.0,2.0,7.0
2361,36.0,1.0,2.0,7.0
552,23.0,1.0,2.0,1.0
1099,23.0,1.0,2.0,7.0
732,22.0,1.0,2.0,7.0
99,25.0,1.0,3.0,16.0
2326,6.0,2.0,2.0,7.0
905,27.0,2.0,2.0,7.0
158,27.0,2.0,2.0,18.0
1969,15.0,1.0,2.0,7.0
1237,32.0,2.0,2.0,7.0
668,22.0,3.0,2.0,7.0
1446,27.0,1.0,2.0,7.0
1927,29.0,1.0,2.0,7.0
295,23.0,1.0,1.0,6.0
387,19.0,1.0,2.0,4.0
424,26.0,1.0,3.0,5.0
2324,8.0,1.0,2.0,7.0
686,22.0,1.0,2.0,7.0
144,20.0,3.0,3.0,14.0
1503,34.0,1.0,2.0,7.0
933,27.0,1.0,2.0,7.0
233,22.0,2.0,1.0,2.0
448,25.0,1.0,1.0,4.0
2198,95.0,1.0,2.0,7.0
1924,14.0,2.0,2.0,7.0
38,11.0,1.0,4.0,14.0
70,29.0,3.0,1.0,16.0
1053,21.0,3.0,2.0,7.0
254,20.0,1.0,2.0,5.0
878,20.0,2.0,2.0,7.0
938,28.0,1.0,2.0,7.0
379,19.0,1.0,1.0,1.0
1460,18.0,1.0,2.0,7.0
1204,24.0,3.0,2.0,7.0
992,17.0,1.0,2.0,7.0
10,20.0,1.0,1.0,13.0
1743,21.0,2.0,2.0,7.0
252,19.0,2.0,2.0,1.0
106,22.0,1.0,3.0,19.0
1587,27.0,3.0,2.0,7.0
1859,26.0,1.0,2.0,7.0
906,21.0,2.0,2.0,7.0
218,34.0,1.0,3.0,1.0
783,15.0,1.0,2.0,7.0
1262,27.0,1.0,2.0,7.0
1712,19.0,1.0,2.0,7.0
289,20.0,2.0,2.0,2.0
1877,13.0,2.0,2.0,7.0
266,13.0,2.0,3.0,4.0
323,21.0,2.0,2.0,6.0
127,23.0,2.0,1.0,20.0
1263,30.0,1.0,2.0,7.0
1198,26.0,2.0,2.0,7.0
2249,47.0,1.0,2.0,7.0
575,11.0,1.0,2.0,2.0
931,26.0,1.0,2.0,7.0
1125,23.0,2.0,2.0,7.0
1735,19.0,5.0,2.0,7.0
117,26.0,2.0,2.0,15.0
2444,7.0,1.0,2.0,7.0
657,29.0,4.0,2.0,4.0
1182,17.0,1.0,2.0,7.0
1333,32.0,1.0,2.0,7.0
789,23.0,3.0,2.0,7.0
981,11.0,1.0,2.0,7.0
183,16.0,1.0,1.0,21.0
653,18.0,5.0,2.0,3.0
2039,28.0,2.0,2.0,7.0
945,34.0,1.0,2.0,7.0
37,12.0,1.0,2.0,18.0
423,29.0,1.0,5.0,4.0
2087,27.0,1.0,2.0,7.0
665,9.0,1.0,2.0,1.0
1965,22.0,1.0,2.0,7.0
1017,15.0,2.0,2.0,7.0
327,24.0,1.0,1.0,6.0
2417,86.0,1.0,2.0,7.0
765,16.0,1.0,2.0,7.0
1688,19.0,1.0,2.0,7.0
1737,15.0,1.0,2.0,7.0
1556,16.0,2.0,2.0,7.0
39,19.0,2.0,1.0,10.0
2395,26.0,2.0,2.0,7.0
253,20.0,1.0,2.0,10.0
565,11.0,4.0,2.0,5.0
195,18.0,1.0,3.0,14.0
1527,21.0,1.0,2.0,7.0
244,23.0,2.0,2.0,5.0
91,28.0,1.0,2.0,20.0
47,13.0,2.0,1.0,21.0
1504,18.0,1.0,2.0,7.0
2316,19.0,1.0,2.0,7.0
1912,41.0,1.0,2.0,7.0
699,34.0,2.0,2.0,7.0
1421,26.0,1.0,2.0,7.0
964,25.0,1.0,2.0,7.0
1335,14.0,1.0,2.0,7.0
500,12.0,1.0,2.0,1.0
1285,20.0,1.0,2.0,7.0
2383,12.0,2.0,2.0,7.0
2178,29.0,1.0,2.0,7.0
35,28.0,2.0,4.0,13.0
560,14.0,1.0,2.0,1.0
1023,7.0,1.0,2.0,7.0
1096,7.0,1.0,2.0,7.0
1367,22.0,1.0,2.0,7.0
2354,19.0,1.0,2.0,7.0
1345,21.0,1.0,2.0,7.0
576,16.0,2.0,2.0,1.0
1066,20.0,1.0,2.0,7.0
350,25.0,2.0,2.0,1.0
390,26.0,1.0,2.0,1.0
722,30.0,1.0,2.0,7.0
899,23.0,1.0,2.0,7.0
2114,28.0,1.0,2.0,7.0
1583,21.0,1.0,2.0,7.0
478,26.0,1.0,1.0,3.0
712,14.0,3.0,2.0,7.0
690,17.0,1.0,2.0,7.0
482,21.0,1.0,2.0,2.0
1483,32.0,1.0,2.0,7.0
2315,63.0,1.0,2.0,7.0
56,15.0,1.0,4.0,21.0
920,20.0,1.0,2.0,7.0
2498,33.0,1.0,2.0,7.0
1166,19.0,2.0,2.0,7.0
731,23.0,2.0,2.0,7.0
2210,51.0,3.0,2.0,7.0
88,5.0,1.0,3.0,17.0
612,11.0,2.0,2.0,3.0
426,24.0,1.0,1.0,2.0
2339,8.0,1.0,2.0,7.0
256,20.0,1.0,4.0,2.0
772,25.0,1.0,2.0,7.0
12,20.0,3.0,1.0,7.0
826,33.0,1.0,2.0,7.0
2267,18.0,1.0,2.0,7.0
229,21.0,1.0,1.0,5.0
1359,25.0,1.0,2.0,7.0
140,30.0,2.0,2.0,16.0
1918,17.0,2.0,2.0,7.0
1497,31.0,2.0,2.0,7.0
941,17.0,1.0,2.0,7.0
465,25.0,2.0,3.0,4.0
29,25.0,2.0,1.0,18.0
1361,22.0,1.0,2.0,7.0
558,24.0,1.0,2.0,2.0
1657,24.0,1.0,2.0,7.0
469,9.0,2.0,3.0,3.0
2398,25.0,1.0,2.0,7.0
562,13.0,1.0,2.0,6.0
2071,7.0,1.0,2.0,7.0
338,33.0,2.0,1.0,2.0
311,15.0,2.0,3.0,2.0
768,16.0,1.0,2.0,7.0
136,28.0,1.0,1.0,16.0
1344,21.0,1.0,2.0,7.0
1520,27.0,2.0,2.0,7.0
754,37.0,2.0,2.0,7.0
1792,25.0,1.0,2.0,7.0
1338,22.0,1.0,2.0,7.0
205,26.0,1.0,2.0,1.0
2305,21.0,2.0,2.0,7.0
586,22.0,2.0,2.0,8.0
1774,15.0,1.0,2.0,7.0
132,18.0,2.0,2.0,24.0
2121,20.0,1.0,2.0,7.0
697,16.0,1.0,2.0,7.0
549,22.0,2.0,2.0,2.0
1227,17.0,6.0,2.0,7.0
2245,51.0,1.0,2.0,7.0
1726,24.0,1.0,2.0,7.0
367,27.0,1.0,1.0,5.0
852,11.0,1.0,2.0,7.0
2464,10.0,1.0,2.0,7.0
1703,21.0,1.0,2.0,7.0
2058,34.0,2.0,2.0,7.0
1381,35.0,1.0,2.0,7.0
1822,21.0,1.0,2.0,7.0
2135,44.0,1.0,2.0,7.0
537,20.0,1.0,2.0,5.0
1211,31.0,1.0,2.0,7.0
1050,23.0,1.0,2.0,7.0
851,14.0,2.0,2.0,7.0
8,22.0,1.0,10.0,18.0
741,20.0,1.0,2.0,7.0
193,16.0,2.0,3.0,17.0
2070,11.0,2.0,2.0,7.0
1543,24.0,1.0,2.0,7.0
2022,55.0,1.0,2.0,7.0
1300,14.0,1.0,2.0,7.0
54,18.0,1.0,2.0,19.0
209,16.0,1.0,5.0,9.0
1070,26.0,1.0,2.0,7.0
1698,21.0,2.0,2.0,7.0
1389,25.0,1.0,2.0,7.0
2203,24.0,1.0,2.0,7.0
1448,23.0,1.0,2.0,7.0
959,25.0,1.0,2.0,7.0
1967,37.0,1.0,2.0,7.0
894,21.0,1.0,2.0,7.0
489,9.0,1.0,1.0,2.0
1083,18.0,1.0,2.0,7.0
90,20.0,2.0,1.0,18.0
1140,21.0,1.0,2.0,7.0
886,16.0,1.0,2.0,7.0
715,28.0,2.0,2.0,7.0
1433,26.0,2.0,2.0,7.0
1667,25.0,1.0,2.0,7.0
52,13.0,3.0,1.0,20.0
286,19.0,1.0,1.0,7.0
2329,44.0,1.0,2.0,7.0
326,21.0,1.0,1.0,4.0
2481,28.0,1.0,2.0,7.0
1106,27.0,1.0,2.0,7.0
219,18.0,2.0,3.0,10.0
1831,21.0,1.0,2.0,7.0
623,19.0,2.0,2.0,13.0
2365,7.0,1.0,2.0,7.0
2467,19.0,1.0,2.0,7.0
60,20.0,1.0,1.0,19.0
1420,25.0,1.0,2.0,7.0
672,19.0,1.0,2.0,2.0
2218,84.0,1.0,2.0,7.0
1340,23.0,1.0,2.0,7.0
1321,15.0,4.0,2.0,7.0
26,18.0,2.0,3.0,17.0
864,20.0,6.0,2.0,7.0
22,27.0,5.0,1.0,20.0
1139,29.0,1.0,2.0,7.0
961,24.0,1.0,2.0,7.0
174,23.0,1.0,2.0,13.0
866,25.0,1.0,2.0,7.0
1214,29.0,2.0,2.0,7.0
1860,10.0,1.0,2.0,7.0
2314,25.0,1.0,2.0,7.0
172,4.0,1.0,1.0,11.0
130,20.0,1.0,3.0,13.0
142,22.0,1.0,3.0,17.0
784,18.0,1.0,2.0,7.0
2021,18.0,2.0,2.0,7.0
163,16.0,1.0,6.0,13.0
1570,30.0,1.0,2.0,7.0
1779,25.0,1.0,2.0,7.0
544,37.0,1.0,2.0,1.0
2171,24.0,1.0,2.0,7.0
264,24.0,1.0,4.0,2.0
1144,22.0,1.0,2.0,7.0
749,26.0,2.0,2.0,7.0
763,17.0,3.0,2.0,7.0
1605,14.0,2.0,2.0,7.0
1607,39.0,1.0,2.0,7.0
1358,27.0,1.0,2.0,7.0
1946,17.0,2.0,2.0,7.0
1828,22.0,1.0,2.0,7.0
307,19.0,1.0,3.0,2.0
1879,22.0,2.0,2.0,7.0
434,14.0,4.0,3.0,8.0
797,26.0,1.0,2.0,7.0
1601,13.0,1.0,2.0,7.0
1674,28.0,1.0,2.0,7.0
2084,14.0,1.0,2.0,7.0
1491,30.0,2.0,2.0,7.0
65,7.0,1.0,1.0,18.0
828,16.0,2.0,2.0,7.0
435,21.0,2.0,1.0,2.0
1981,12.0,1.0,2.0,7.0
2296,16.0,2.0,2.0,7.0
2156,8.0,1.0,2.0,7.0
2461,44.0,1.0,2.0,7.0
1183,25.0,3.0,2.0,7.0
2420,18.0,2.0,2.0,7.0
1293,32.0,2.0,2.0,7.0
1087,14.0,2.0,2.0,7.0
932,17.0,3.0,2.0,7.0
815,22.0,2.0,2.0,7.0
780,35.0,4.0,2.0,7.0
2261,7.0,1.0,2.0,7.0
1133,24.0,1.0,2.0,7.0
2440,19.0,1.0,2.0,7.0
2206,14.0,1.0,2.0,7.0
428,17.0,1.0,2.0,8.0
849,16.0,3.0,2.0,7.0
1135,25.0,2.0,2.0,7.0
553,19.0,2.0,2.0,10.0
186,21.0,1.0,1.0,12.0
180,9.0,2.0,1.0,11.0
1956,17.0,1.0,2.0,7.0
451,28.0,2.0,1.0,7.0
468,12.0,1.0,2.0,8.0
262,20.0,2.0,1.0,5.0
1714,33.0,2.0,2.0,7.0
260,20.0,1.0,2.0,4.0
1963,13.0,1.0,2.0,7.0
1550,24.0,1.0,2.0,7.0
1951,24.0,1.0,2.0,7.0
2000,8.0,1.0,2.0,7.0
190,20.0,3.0,1.0,15.0
191,25.0,1.0,2.0,17.0
1739,18.0,1.0,2.0,7.0
735,11.0,1.0,2.0,7.0
1011,27.0,1.0,2.0,7.0
5,23.0,1.0,7.0,23.0
1324,15.0,1.0,2.0,7.0
1732,16.0,4.0,2.0,7.0
373,21.0,1.0,3.0,2.0
1621,27.0,1.0,2.0,7.0
83,17.0,2.0,1.0,21.0
832,24.0,3.0,2.0,7.0
1724,22.0,1.0,2.0,7.0
385,18.0,1.0,1.0,12.0
1047,23.0,1.0,2.0,7.0
162,19.0,1.0,3.0,17.0
2473,31.0,2.0,2.0,7.0
2085,71.0,2.0,2.0,7.0
1818,19.0,1.0,2.0,7.0
1636,23.0,3.0,2.0,7.0
472,8.0,1.0,1.0,6.0
1913,14.0,2.0,2.0,7.0
184,23.0,1.0,2.0,22.0
727,34.0,3.0,2.0,7.0
956,37.0,2.0,2.0,7.0
397,16.0,1.0,3.0,2.0
1241,19.0,3.0,2.0,7.0
1176,23.0,1.0,2.0,7.0
1092,18.0,1.0,2.0,7.0
2340,8.0,1.0,2.0,7.0
1539,19.0,4.0,2.0,7.0
177,26.0,1.0,3.0,16.0
1426,18.0,2.0,2.0,7.0
914,30.0,1.0,2.0,7.0
2095,28.0,1.0,2.0,7.0
1417,16.0,2.0,2.0,7.0
114,20.0,1.0,4.0,20.0
203,13.0,2.0,5.0,1.0
947,32.0,1.0,2.0,7.0
2091,57.0,1.0,2.0,7.0
476,12.0,1.0,1.0,1.0
643,26.0,1.0,2.0,4.0
1843,30.0,2.0,2.0,7.0
566,28.0,3.0,2.0,1.0
1030,8.0,1.0,2.0,7.0
347,29.0,1.0,1.0,3.0
267,11.0,2.0,1.0,4.0
982,26.0,1.0,2.0,7.0
579,25.0,1.0,2.0,8.0
651,17.0,1.0,2.0,3.0
1790,18.0,1.0,2.0,7.0
1026,10.0,3.0,2.0,7.0
972,14.0,3.0,2.0,7.0
23,17.0,1.0,1.0,18.0
235,13.0,2.0,2.0,4.0
1736,23.0,1.0,2.0,7.0
1693,10.0,1.0,2.0,7.0
147,14.0,1.0,3.0,21.0
484,25.0,1.0,3.0,2.0
1378,21.0,1.0,2.0,7.0
1336,27.0,1.0,2.0,7.0
877,33.0,1.0,2.0,7.0
1116,23.0,1.0,2.0,7.0
1713,18.0,1.0,2.0,7.0
442,39.0,3.0,2.0,1.0
81,24.0,2.0,1.0,14.0
1474,26.0,1.0,2.0,7.0
807,25.0,1.0,2.0,7.0
1089,20.0,1.0,2.0,7.0
650,15.0,2.0,2.0,1.0
105,20.0,1.0,1.0,24.0
2452,19.0,1.0,2.0,7.0
511,25.0,3.0,2.0,2.0
2374,54.0,2.0,2.0,7.0
1221,20.0,1.0,2.0,7.0
983,23.0,1.0,2.0,7.0
1172,33.0,2.0,2.0,7.0
2202,11.0,1.0,2.0,7.0
1081,22.0,1.0,2.0,7.0
516,17.0,1.0,2.0,2.0
454,29.0,1.0,2.0,3.0
304,11.0,1.0,1.0,1.0
121,24.0,3.0,1.0,13.0
1296,35.0,4.0,2.0,7.0
1939,14.0,2.0,2.0,7.0
240,14.0,3.0,2.0,4.0
1418,18.0,1.0,2.0,7.0
1469,19.0,1.0,2.0,7.0
124,23.0,1.0,4.0,16.0
79,21.0,1.0,6.0,16.0
555,28.0,1.0,2.0,2.0
115,30.0,1.0,1.0,18.0
1190,21.0,2.0,2.0,7.0
237,24.0,1.0,1.0,3.0
1569,21.0,1.0,2.0,7.0
1723,28.0,1.0,2.0,7.0
677,20.0,1.0,2.0,7.0
404,31.0,3.0,4.0,9.0
1800,27.0,1.0,2.0,7.0
363,27.0,1.0,11.0,1.0
1718,31.0,1.0,2.0,7.0
2445,24.0,2.0,2.0,7.0
422,14.0,1.0,2.0,2.0
1880,15.0,2.0,2.0,7.0
1740,21.0,1.0,2.0,7.0
2499,52.0,1.0,2.0,7.0
67,26.0,3.0,4.0,18.0
2043,11.0,1.0,2.0,7.0
389,28.0,1.0,1.0,2.0
413,14.0,1.0,4.0,2.0
1064,18.0,3.0,2.0,7.0
2438,40.0,1.0,2.0,7.0
378,25.0,1.0,4.0,8.0
116,10.0,1.0,1.0,22.0
71,11.0,1.0,1.0,16.0
2410,4.0,1.0,2.0,7.0
1222,10.0,1.0,2.0,7.0
498,21.0,1.0,1.0,2.0
45,16.0,3.0,5.0,16.0
2092,74.0,1.0,2.0,7.0
2271,21.0,1.0,2.0,7.0
232,33.0,1.0,2.0,1.0
707,15.0,1.0,2.0,7.0
1871,26.0,1.0,2.0,7.0
523,28.0,1.0,2.0,2.0
1018,33.0,1.0,2.0,7.0
1065,22.0,1.0,2.0,7.0
1425,32.0,2.0,2.0,7.0
2286,68.0,1.0,2.0,7.0
275,25.0,2.0,1.0,2.0
207,30.0,4.0,4.0,2.0
597,19.0,1.0,2.0,4.0
3,11.0,4.0,4.0,21.0
376,20.0,4.0,3.0,9.0
2160,38.0,1.0,2.0,7.0
2035,5.0,1.0,2.0,7.0
1127,18.0,2.0,2.0,7.0
689,24.0,1.0,2.0,7.0
723,25.0,1.0,2.0,7.0
605,30.0,3.0,2.0,2.0
2047,84.0,2.0,2.0,7.0
330,35.0,2.0,1.0,8.0
1397,23.0,2.0,2.0,7.0
545,27.0,2.0,2.0,1.0
84,23.0,2.0,3.0,20.0
1228,15.0,2.0,2.0,7.0
346,30.0,1.0,3.0,7.0
1673,19.0,1.0,2.0,7.0
319,12.0,1.0,1.0,6.0
596,16.0,1.0,2.0,2.0
412,25.0,1.0,1.0,8.0
1817,28.0,1.0,2.0,7.0
2447,26.0,1.0,2.0,7.0
20,13.0,1.0,1.0,13.0
309,27.0,2.0,2.0,3.0
2066,20.0,1.0,2.0,7.0
2497,18.0,1.0,2.0,7.0
681,19.0,1.0,2.0,7.0
283,21.0,1.0,2.0,2.0
876,14.0,1.0,2.0,7.0
1551,20.0,2.0,2.0,7.0
1895,21.0,1.0,2.0,7.0
2225,26.0,2.0,2.0,7.0
328,24.0,1.0,1.0,2.0
1245,28.0,1.0,2.0,7.0
1323,12.0,2.0,2.0,7.0
609,14.0,1.0,2.0,3.0
477,23.0,2.0,1.0,3.0
2342,54.0,1.0,2.0,7.0
2253,32.0,2.0,2.0,7.0
483,26.0,2.0,2.0,2.0
1959,29.0,1.0,2.0,7.0
145,15.0,1.0,2.0,17.0
1709,21.0,1.0,2.0,7.0
745,10.0,1.0,2.0,7.0
1232,20.0,1.0,2.0,7.0
2007,42.0,1.0,2.0,7.0
1756,17.0,3.0,2.0,7.0
2211,13.0,1.0,2.0,7.0
1975,18.0,2.0,2.0,7.0
2,18.0,1.0,10.0,16.0
463,23.0,1.0,1.0,2.0
770,13.0,1.0,2.0,7.0
1630,24.0,1.0,2.0,7.0
298,16.0,1.0,5.0,3.0
239,16.0,1.0,8.0,4.0
139,15.0,1.0,1.0,15.0
1405,17.0,3.0,2.0,7.0
1606,36.0,2.0,2.0,7.0
1114,18.0,1.0,2.0,7.0
620,22.0,1.0,2.0,4.0
224,17.0,1.0,2.0,1.0
2179,25.0,1.0,2.0,7.0
546,28.0,1.0,2.0,2.0
43,13.0,1.0,3.0,15.0
973,16.0,1.0,2.0,7.0
1573,28.0,1.0,2.0,7.0
2216,22.0,1.0,2.0,7.0
966,10.0,1.0,2.0,7.0
2048,29.0,1.0,2.0,7.0
1055,16.0,2.0,2.0,7.0
1966,18.0,1.0,2.0,7.0
2006,9.0,1.0,2.0,7.0
1399,27.0,1.0,2.0,7.0
1863,20.0,1.0,2.0,7.0
17,18.0,1.0,1.0,17.0
1833,23.0,1.0,2.0,7.0
2397,41.0,1.0,2.0,7.0
89,11.0,1.0,2.0,16.0
1701,30.0,2.0,2.0,7.0
1534,26.0,1.0,2.0,7.0
2044,9.0,1.0,2.0,7.0
486,18.0,1.0,3.0,6.0
729,34.0,1.0,2.0,7.0
1465,26.0,1.0,2.0,7.0
2019,14.0,2.0,2.0,7.0
2075,14.0,1.0,2.0,7.0
2243,6.0,2.0,2.0,7.0
870,24.0,1.0,2.0,7.0
1464,31.0,1.0,2.0,7.0
1626,22.0,1.0,2.0,7.0
1290,22.0,1.0,2.0,7.0
2274,39.0,1.0,2.0,7.0
1641,31.0,1.0,2.0,7.0
967,27.0,1.0,2.0,7.0
440,23.0,3.0,1.0,5.0
1983,16.0,1.0,2.0,7.0
994,27.0,3.0,2.0,7.0
817,25.0,1.0,2.0,7.0
210,14.0,1.0,4.0,1.0
743,19.0,1.0,2.0,7.0
1317,12.0,1.0,2.0,7.0
1579,22.0,1.0,2.0,7.0
2300,39.0,1.0,2.0,7.0
159,11.0,2.0,1.0,16.0
1343,16.0,1.0,2.0,7.0
1121,14.0,2.0,2.0,7.0
1499,26.0,1.0,2.0,7.0
1730,23.0,2.0,2.0,7.0
1075,20.0,1.0,2.0,7.0
25,17.0,3.0,1.0,22.0
1995,23.0,2.0,2.0,7.0
466,14.0,1.0,1.0,2.0
2136,35.0,2.0,2.0,7.0
27,14.0,2.0,1.0,22.0
160,16.0,1.0,1.0,16.0
1521,20.0,2.0,2.0,7.0
785,21.0,1.0,2.0,7.0
865,14.0,1.0,2.0,7.0
2195,26.0,1.0,2.0,7.0
790,32.0,1.0,2.0,7.0
334,7.0,1.0,1.0,7.0
683,16.0,1.0,2.0,7.0
118,13.0,5.0,3.0,16.0
1291,23.0,1.0,2.0,7.0
1150,23.0,1.0,2.0,7.0
2230,14.0,1.0,2.0,7.0
6,23.0,5.0,5.0,20.0
1108,18.0,2.0,2.0,7.0
196,24.0,4.0,1.0,15.0
2414,91.0,1.0,2.0,7.0
2145,56.0,1.0,2.0,7.0
1069,19.0,1.0,2.0,7.0
357,17.0,1.0,8.0,7.0
1149,21.0,1.0,2.0,7.0
396,31.0,1.0,3.0,4.0
2054,63.0,1.0,2.0,7.0
98,18.0,1.0,1.0,15.0
1797,28.0,1.0,2.0,7.0
13,19.0,1.0,1.0,12.0
46,17.0,4.0,2.0,20.0
1696,29.0,3.0,2.0,7.0
491,34.0,2.0,1.0,3.0
152,10.0,3.0,1.0,15.0
2055,13.0,2.0,2.0,7.0
490,23.0,3.0,1.0,5.0
479,11.0,6.0,2.0,1.0
827,28.0,2.0,2.0,7.0
1840,13.0,1.0,2.0,7.0
810,29.0,2.0,2.0,7.0
2458,23.0,2.0,2.0,7.0
34,29.0,1.0,1.0,18.0
1960,29.0,1.0,2.0,7.0
2105,17.0,2.0,2.0,7.0
1299,26.0,1.0,2.0,7.0
1742,13.0,1.0,2.0,7.0
1253,15.0,2.0,2.0,7.0
2099,27.0,1.0,2.0,7.0
2287,36.0,1.0,2.0,7.0
206,32.0,2.0,2.0,7.0
1027,6.0,1.0,2.0,7.0
762,22.0,1.0,2.0,7.0
2001,44.0,1.0,2.0,7.0
1942,20.0,3.0,2.0,7.0
481,26.0,2.0,1.0,6.0
66,14.0,4.0,1.0,19.0
577,15.0,1.0,2.0,3.0
1809,20.0,3.0,2.0,7.0
1105,30.0,1.0,2.0,7.0
833,15.0,1.0,2.0,7.0
1728,23.0,1.0,2.0,7.0
1202,11.0,3.0,2.0,7.0
744,16.0,2.0,2.0,7.0
988,22.0,1.0,2.0,7.0
405,20.0,2.0,4.0,2.0
639,16.0,1.0,2.0,2.0
1777,15.0,1.0,2.0,7.0
342,16.0,1.0,4.0,14.0
1178,17.0,1.0,2.0,7.0
1029,25.0,2.0,2.0,7.0
1901,20.0,1.0,2.0,7.0
1690,19.0,1.0,2.0,7.0
1146,35.0,2.0,2.0,7.0
505,33.0,1.0,1.0,6.0
2187,88.0,1.0,2.0,7.0
1720,13.0,2.0,2.0,7.0
674,20.0,1.0,2.0,1.0
1717,21.0,1.0,2.0,7.0
1122,24.0,1.0,2.0,7.0
1288,13.0,1.0,2.0,7.0
521,23.0,2.0,2.0,1.0
420,20.0,2.0,1.0,2.0
644,15.0,1.0,2.0,2.0
518,11.0,1.0,2.0,3.0
431,24.0,3.0,1.0,3.0
1199,20.0,1.0,2.0,7.0
341,23.0,1.0,1.0,7.0
2168,36.0,1.0,2.0,7.0
534,19.0,3.0,2.0,3.0
1823,25.0,1.0,2.0,7.0
354,23.0,1.0,1.0,6.0
2088,42.0,1.0,2.0,7.0
1159,23.0,1.0,2.0,7.0
1705,24.0,2.0,2.0,7.0
2041,9.0,1.0,2.0,7.0
51,11.0,1.0,1.0,16.0
506,18.0,1.0,2.0,16.0
352,16.0,1.0,1.0,1.0
1748,25.0,1.0,2.0,7.0
589,12.0,3.0,2.0,1.0
871,19.0,1.0,2.0,7.0
2439,20.0,1.0,2.0,7.0
856,24.0,1.0,2.0,7.0
1445,22.0,1.0,2.0,7.0
494,24.0,1.0,2.0,3.0
570,23.0,1.0,2.0,5.0
1526,21.0,1.0,2.0,7.0
713,22.0,1.0,2.0,7.0
1689,22.0,2.0,2.0,7.0
2192,10.0,1.0,2.0,7.0
104,15.0,1.0,1.0,11.0
1760,16.0,3.0,2.0,7.0
1964,12.0,2.0,2.0,7.0
1311,15.0,1.0,2.0,7.0
1170,22.0,1.0,2.0,7.0
1910,14.0,2.0,2.0,7.0
1834,17.0,1.0,2.0,7.0
33,17.0,3.0,1.0,17.0
1457,15.0,1.0,2.0,7.0
636,17.0,1.0,2.0,19.0
1974,25.0,1.0,2.0,7.0
1310,23.0,1.0,2.0,7.0
55,24.0,1.0,1.0,15.0
859,22.0,2.0,2.0,7.0
1282,26.0,1.0,2.0,7.0
618,20.0,1.0,2.0,1.0
2120,31.0,1.0,2.0,7.0
1645,13.0,1.0,2.0,7.0
924,26.0,1.0,2.0,7.0
28,34.0,1.0,1.0,11.0
2127,23.0,1.0,2.0,7.0
19,27.0,1.0,1.0,14.0
21,21.0,1.0,5.0,14.0
1524,22.0,1.0,2.0,7.0
1762,10.0,1.0,2.0,7.0
1814,25.0,2.0,2.0,7.0
133,24.0,1.0,5.0,19.0
1395,13.0,1.0,2.0,7.0
2294,39.0,1.0,2.0,7.0
882,10.0,1.0,2.0,7.0
189,5.0,2.0,2.0,17.0
2306,26.0,1.0,2.0,7.0
1532,24.0,1.0,2.0,7.0
1700,22.0,1.0,2.0,7.0
1277,28.0,1.0,2.0,7.0
1473,23.0,3.0,2.0,7.0
823,30.0,2.0,2.0,7.0
0,16.0,2.0,5.0,21.0
1857,21.0,1.0,2.0,7.0
2480,44.0,3.0,2.0,7.0
1097,17.0,2.0,2.0,7.0
1954,12.0,1.0,2.0,7.0
447,19.0,2.0,1.0,2.0
1289,26.0,1.0,2.0,7.0
41,10.0,1.0,3.0,15.0
998,9.0,2.0,2.0,7.0
1073,20.0,1.0,2.0,7.0
962,13.0,3.0,2.0,7.0
755,26.0,1.0,2.0,7.0
18,10.0,1.0,3.0,20.0
929,28.0,1.0,2.0,7.0
1629,26.0,1.0,2.0,7.0
709,16.0,1.0,2.0,7.0
178,14.0,1.0,5.0,16.0
1869,28.0,4.0,2.0,7.0
848,34.0,1.0,2.0,7.0
1437,18.0,1.0,2.0,7.0
2137,32.0,1.0,2.0,7.0
811,23.0,2.0,2.0,7.0
1647,21.0,1.0,2.0,7.0
246,13.0,1.0,3.0,1.0
630,23.0,6.0,2.0,3.0
1329,24.0,1.0,2.0,7.0
2153,25.0,1.0,2.0,7.0
102,15.0,1.0,3.0,20.0
278,15.0,2.0,2.0,5.0
1113,22.0,3.0,2.0,7.0
1562,17.0,1.0,2.0,7.0
1677,12.0,1.0,2.0,7.0
1875,22.0,2.0,2.0,7.0
1769,28.0,2.0,2.0,7.0
1994,17.0,1.0,2.0,7.0
157,16.0,1.0,2.0,19.0
236,24.0,3.0,1.0,7.0
1322,16.0,2.0,2.0,7.0
2301,17.0,1.0,2.0,7.0
1586,29.0,2.0,2.0,7.0
1401,14.0,1.0,2.0,7.0
1339,28.0,1.0,2.0,7.0
85,7.0,2.0,1.0,20.0
554,18.0,1.0,2.0,3.0
649,24.0,1.0,2.0,3.0
427,18.0,2.0,2.0,1.0
2134,24.0,2.0,2.0,7.0
842,22.0,2.0,2.0,7.0
1734,15.0,1.0,2.0,7.0
953,22.0,2.0,2.0,7.0
1684,15.0,1.0,2.0,7.0
217,23.0,2.0,7.0,3.0
1680,28.0,1.0,2.0,7.0
2133,39.0,1.0,2.0,7.0
430,24.0,2.0,2.0,1.0
738,20.0,2.0,2.0,7.0
2119,29.0,2.0,2.0,7.0
1874,15.0,2.0,2.0,7.0
1441,22.0,1.0,2.0,7.0
1544,26.0,1.0,2.0,7.0
1905,28.0,1.0,2.0,7.0
1107,20.0,1.0,2.0,7.0
1624,30.0,2.0,2.0,7.0
2229,2.0,1.0,2.0,7.0
539,13.0,2.0,2.0,3.0
2356,33.0,1.0,2.0,7.0
1169,22.0,1.0,2.0,7.0
1415,18.0,1.0,2.0,7.0
841,27.0,2.0,2.0,7.0
1372,24.0,1.0,2.0,7.0
1019,17.0,2.0,2.0,7.0
128,28.0,1.0,1.0,17.0
1014,32.0,1.0,2.0,7.0
761,25.0,1.0,2.0,7.0
1622,21.0,2.0,2.0,7.0
173,21.0,3.0,3.0,17.0
1660,20.0,1.0,2.0,7.0
1707,8.0,2.0,2.0,7.0
200,30.0,1.0,1.0,17.0
2217,26.0,2.0,2.0,7.0
1669,11.0,1.0,2.0,7.0
487,14.0,2.0,5.0,1.0
1151,13.0,1.0,2.0,7.0
1764,23.0,1.0,2.0,7.0
2037,10.0,2.0,2.0,7.0
1411,18.0,1.0,2.0,7.0
2002,22.0,1.0,2.0,7.0
1988,23.0,1.0,2.0,7.0
803,26.0,1.0,2.0,7.0
93,22.0,2.0,1.0,12.0
7,22.0,3.0,6.0,13.0
1649,20.0,1.0,2.0,7.0
1738,16.0,3.0,2.0,7.0
1892,21.0,1.0,2.0,7.0
2201,10.0,2.0,2.0,7.0
9,14.0,1.0,2.0,22.0
1314,22.0,1.0,2.0,7.0
2310,68.0,3.0,2.0,7.0
2384,11.0,2.0,2.0,7.0
759,19.0,1.0,2.0,7.0
1132,14.0,2.0,2.0,7.0
164,21.0,2.0,1.0,20.0
241,10.0,1.0,2.0,15.0
2193,18.0,1.0,2.0,7.0
349,14.0,1.0,3.0,6.0
519,23.0,2.0,2.0,1.0
125,21.0,1.0,2.0,20.0
2164,40.0,1.0,2.0,7.0
1598,28.0,1.0,2.0,7.0
627,19.0,3.0,2.0,5.0
1582,16.0,1.0,2.0,7.0
809,25.0,2.0,2.0,7.0
1952,15.0,1.0,2.0,7.0
1423,24.0,1.0,2.0,7.0
185,25.0,1.0,2.0,15.0
766,28.0,1.0,2.0,7.0
1388,11.0,1.0,2.0,7.0
1920,16.0,1.0,2.0,7.0
1410,30.0,3.0,2.0,7.0
1991,23.0,1.0,2.0,7.0
1104,34.0,2.0,2.0,7.0
131,19.0,1.0,3.0,16.0
2064,22.0,3.0,2.0,7.0
2116,42.0,1.0,2.0,7.0
939,3.0,1.0,2.0,7.0
2378,20.0,4.0,2.0,7.0
1722,23.0,1.0,2.0,7.0
2373,69.0,1.0,2.0,7.0
2194,52.0,1.0,2.0,7.0
1561,27.0,2.0,2.0,7.0
103,31.0,1.0,2.0,13.0
1545,24.0,1.0,2.0,7.0
1220,27.0,1.0,2.0,7.0
1123,19.0,3.0,2.0,7.0
1679,12.0,3.0,2.0,7.0
1481,15.0,1.0,2.0,7.0
377,31.0,1.0,3.0,8.0
259,33.0,2.0,1.0,2.0
2258,53.0,2.0,2.0,7.0
1313,23.0,4.0,2.0,7.0
2080,23.0,2.0,2.0,7.0
198,17.0,1.0,4.0,15.0
1304,11.0,1.0,2.0,7.0
457,24.0,1.0,1.0,3.0
284,32.0,1.0,2.0,9.0
1500,28.0,1.0,2.0,7.0
248,22.0,1.0,2.0,8.0
274,22.0,2.0,3.0,1.0
902,21.0,1.0,2.0,7.0
1839,22.0,4.0,2.0,7.0
2122,36.0,2.0,2.0,7.0
42,22.0,2.0,3.0,15.0
2282,11.0,2.0,2.0,7.0
1577,20.0,2.0,2.0,7.0
1502,19.0,2.0,2.0,7.0
777,17.0,1.0,2.0,7.0
273,21.0,2.0,2.0,2.0
1911,18.0,2.0,2.0,7.0
318,15.0,1.0,2.0,3.0
57,25.0,1.0,1.0,21.0
1733,25.0,1.0,2.0,7.0
930,31.0,2.0,2.0,7.0
1002,20.0,1.0,2.0,7.0
1749,19.0,4.0,2.0,7.0
2474,24.0,1.0,2.0,7.0
1973,34.0,1.0,2.0,7.0
2174,28.0,1.0,2.0,7.0
2392,10.0,1.0,2.0,7.0
1271,32.0,1.0,2.0,7.0
1332,25.0,4.0,2.0,7.0
1923,18.0,1.0,2.0,7.0
978,18.0,1.0,2.0,7.0
192,17.0,1.0,2.0,19.0
1934,24.0,1.0,2.0,7.0
4,21.0,1.0,8.0,18.0
942,26.0,1.0,2.0,7.0
1754,19.0,1.0,2.0,7.0
1005,18.0,1.0,2.0,7.0
1091,25.0,1.0,2.0,7.0
333,11.0,1.0,1.0,2.0
138,14.0,1.0,3.0,21.0
834,18.0,2.0,2.0,7.0
2005,25.0,1.0,2.0,7.0
1592,17.0,2.0,2.0,7.0
417,23.0,1.0,2.0,13.0
625,16.0,1.0,2.0,2.0
608,20.0,1.0,2.0,2.0
122,16.0,1.0,1.0,20.0
2184,19.0,1.0,2.0,7.0
753,12.0,2.0,2.0,7.0
1516,14.0,1.0,2.0,7.0
1252,20.0,1.0,2.0,7.0
294,29.0,1.0,1.0,1.0
402,26.0,1.0,1.0,1.0
676,43.0,1.0,2.0,7.0
2076,15.0,2.0,2.0,7.0
2149,19.0,1.0,2.0,7.0
1837,18.0,1.0,2.0,7.0
1559,16.0,1.0,2.0,7.0
155,30.0,1.0,1.0,18.0
837,28.0,1.0,2.0,7.0
1380,32.0,2.0,2.0,7.0
551,20.0,1.0,2.0,1.0
808,18.0,3.0,2.0,7.0
425,24.0,1.0,3.0,9.0
1663,17.0,1.0,2.0,7.0
50,13.0,1.0,6.0,17.0
716,16.0,1.0,2.0,7.0
514,23.0,1.0,2.0,2.0
306,28.0,1.0,3.0,13.0
1201,28.0,1.0,2.0,7.0
1067,19.0,1.0,2.0,7.0
216,22.0,1.0,1.0,3.0
569,29.0,1.0,2.0,1.0
1438,16.0,1.0,2.0,7.0
156,8.0,3.0,2.0,16.0
999,30.0,1.0,2.0,7.0
629,22.0,1.0,2.0,1.0
460,21.0,1.0,1.0,1.0
696,33.0,1.0,2.0,7.0
574,18.0,2.0,2.0,1.0
1897,25.0,1.0,2.0,7.0
903,17.0,1.0,2.0,7.0
1396,23.0,2.0,2.0,7.0
1085,11.0,2.0,2.0,7.0
1283,19.0,1.0,2.0,7.0
315,18.0,1.0,2.0,4.0
1987,14.0,2.0,2.0,7.0
1447,18.0,1.0,2.0,7.0
1247,20.0,1.0,2.0,7.0
2027,7.0,1.0,2.0,7.0
1759,12.0,1.0,2.0,7.0
1154,20.0,3.0,2.0,7.0
2221,19.0,1.0,2.0,7.0
1424,18.0,1.0,2.0,7.0
602,29.0,1.0,2.0,2.0
987,34.0,2.0,2.0,7.0
151,10.0,1.0,4.0,14.0
818,17.0,2.0,2.0,7.0
1209,25.0,2.0,2.0,7.0
1632,15.0,2.0,2.0,7.0
181,9.0,1.0,4.0,17.0
1315,19.0,1.0,2.0,7.0
375,24.0,1.0,1.0,3.0
813,23.0,2.0,2.0,7.0
1671,17.0,2.0,2.0,7.0
492,13.0,1.0,1.0,2.0
2170,5.0,1.0,2.0,7.0
1678,16.0,1.0,2.0,7.0
2011,42.0,1.0,2.0,7.0
2029,31.0,5.0,2.0,7.0
794,22.0,2.0,2.0,7.0
143,21.0,1.0,8.0,16.0
2196,13.0,1.0,2.0,7.0
1145,7.0,1.0,2.0,7.0
108,20.0,1.0,9.0,12.0
1575,23.0,2.0,2.0,7.0
1482,26.0,3.0,2.0,7.0
2238,26.0,1.0,2.0,7.0
844,22.0,1.0,2.0,7.0
1957,21.0,4.0,2.0,7.0
1744,19.0,1.0,2.0,7.0
2096,6.0,1.0,2.0,7.0
1235,22.0,1.0,2.0,7.0
1691,30.0,1.0,2.0,7.0
94,30.0,1.0,3.0,17.0
2416,8.0,1.0,2.0,7.0
946,23.0,1.0,2.0,7.0
1234,22.0,1.0,2.0,7.0
2419,33.0,1.0,2.0,7.0
1230,27.0,1.0,2.0,7.0
1461,36.0,1.0,2.0,7.0
386,18.0,1.0,1.0,4.0
595,16.0,1.0,2.0,3.0
1402,22.0,1.0,2.0,7.0
2026,1.0,1.0,2.0,7.0
63,28.0,1.0,4.0,18.0
2308,11.0,1.0,2.0,7.0
1244,20.0,1.0,2.0,7.0
2292,41.0,1.0,2.0,7.0
720,21.0,1.0,2.0,7.0
1118,16.0,1.0,2.0,7.0
77,29.0,3.0,2.0,24.0
280,22.0,1.0,2.0,2.0
1694,21.0,1.0,2.0,7.0
594,21.0,3.0,2.0,1.0
1794,31.0,1.0,2.0,7.0
1186,33.0,2.0,2.0,7.0
2190,14.0,2.0,2.0,7.0
107,24.0,2.0,3.0,15.0
774,29.0,5.0,2.0,7.0
530,7.0,1.0,2.0,3.0
439,11.0,1.0,1.0,4.0
167,15.0,1.0,2.0,14.0
911,24.0,1.0,2.0,7.0
1531,23.0,1.0,2.0,7.0
824,20.0,1.0,2.0,7.0
1265,15.0,1.0,2.0,7.0
502,22.0,2.0,2.0,9.0
1045,33.0,1.0,2.0,7.0
1620,25.0,3.0,2.0,7.0
97,23.0,2.0,1.0,14.0
1999,13.0,2.0,2.0,7.0
2057,30.0,1.0,2.0,7.0
1387,26.0,1.0,2.0,7.0
538,20.0,1.0,2.0,1.0
475,21.0,2.0,1.0,1.0
395,26.0,1.0,1.0,2.0
517,18.0,1.0,2.0,2.0
358,19.0,1.0,7.0,8.0
1533,25.0,1.0,2.0,7.0
371,23.0,1.0,1.0,2.0
2470,63.0,3.0,2.0,7.0
343,36.0,1.0,2.0,1.0
369,19.0,1.0,1.0,4.0
32,30.0,1.0,1.0,19.0
1143,10.0,1.0,2.0,7.0
662,22.0,1.0,2.0,3.0
459,24.0,2.0,3.0,1.0
24,30.0,1.0,4.0,15.0
2394,48.0,2.0,2.0,7.0
2335,31.0,5.0,2.0,7.0
1617,13.0,1.0,2.0,7.0
2346,49.0,1.0,2.0,7.0
2399,83.0,1.0,2.0,7.0
414,16.0,1.0,1.0,7.0
2269,21.0,1.0,2.0,7.0
1872,16.0,1.0,2.0,7.0
1167,18.0,1.0,2.0,7.0
2302,20.0,2.0,2.0,7.0
1931,17.0,5.0,2.0,7.0
1035,29.0,1.0,2.0,7.0
1439,16.0,3.0,2.0,7.0
655,20.0,2.0,2.0,1.0
921,20.0,1.0,2.0,7.0
1776,23.0,1.0,2.0,7.0
82,24.0,1.0,8.0,17.0
444,13.0,1.0,3.0,1.0
928,13.0,3.0,2.0,7.0
276,26.0,1.0,2.0,5.0
73,11.0,5.0,7.0,18.0
95,24.0,1.0,1.0,15.0
433,27.0,2.0,1.0,1.0
488,19.0,1.0,1.0,4.0
747,16.0,2.0,2.0,7.0
36,2.0,1.0,3.0,21.0
1907,26.0,2.0,2.0,7.0
1906,29.0,1.0,2.0,7.0
2309,26.0,1.0,2.0,7.0
855,18.0,1.0,2.0,7.0
1798,28.0,2.0,2.0,7.0
2363,37.0,2.0,2.0,7.0
773,11.0,2.0,2.0,7.0
1511,29.0,1.0,2.0,7.0
782,36.0,1.0,2.0,7.0
2327,4.0,3.0,2.0,7.0
883,19.0,2.0,2.0,7.0
1126,41.0,1.0,2.0,7.0
900,34.0,1.0,2.0,7.0
1568,16.0,2.0,2.0,7.0
263,18.0,2.0,4.0,7.0
1259,12.0,1.0,2.0,7.0
1068,20.0,2.0,2.0,7.0
1379,18.0,1.0,2.0,7.0
822,21.0,2.0,2.0,7.0
1173,29.0,3.0,2.0,7.0
495,29.0,2.0,1.0,10.0
74,15.0,1.0,1.0,15.0
835,12.0,2.0,2.0,7.0
934,29.0,1.0,2.0,7.0
1590,21.0,3.0,2.0,7.0
314,15.0,2.0,1.0,2.0
923,20.0,2.0,2.0,7.0
1953,18.0,1.0,2.0,7.0
2223,25.0,1.0,2.0,7.0
2097,22.0,1.0,2.0,7.0
111,19.0,1.0,1.0,9.0
726,25.0,1.0,2.0,7.0
329,22.0,1.0,2.0,1.0
2228,6.0,1.0,2.0,7.0
1716,20.0,1.0,2.0,7.0
843,20.0,1.0,2.0,7.0
1658,20.0,2.0,2.0,7.0
1136,27.0,3.0,2.0,7.0
771,17.0,4.0,2.0,7.0
816,19.0,1.0,2.0,7.0
1921,20.0,1.0,2.0,7.0
528,27.0,4.0,2.0,1.0
600,19.0,1.0,2.0,4.0
2049,60.0,2.0,2.0,7.0
1434,27.0,1.0,2.0,7.0
2237,49.0,3.0,2.0,7.0
250,17.0,1.0,3.0,1.0
1130,32.0,2.0,2.0,7.0
150,26.0,1.0,4.0,15.0
1004,31.0,1.0,2.0,7.0
223,12.0,1.0,1.0,6.0
926,28.0,2.0,2.0,7.0
1755,19.0,2.0,2.0,7.0
529,23.0,3.0,2.0,2.0
268,22.0,1.0,1.0,2.0
1856,30.0,1.0,2.0,7.0
954,23.0,1.0,2.0,7.0
524,11.0,1.0,2.0,5.0
279,21.0,3.0,5.0,1.0
1195,28.0,2.0,2.0,7.0
1855,18.0,2.0,2.0,7.0
703,18.0,1.0,2.0,7.0
1558,27.0,2.0,2.0,7.0
2265,83.0,1.0,2.0,7.0
1832,17.0,1.0,2.0,7.0
449,15.0,1.0,2.0,10.0
1212,19.0,1.0,2.0,7.0
977,7.0,1.0,2.0,7.0
1826,31.0,1.0,2.0,7.0
1883,13.0,1.0,2.0,7.0
1746,25.0,2.0,2.0,7.0
2205,21.0,1.0,2.0,7.0
1177,10.0,1.0,2.0,7.0
1564,20.0,1.0,2.0,7.0
1825,10.0,1.0,2.0,7.0
1061,17.0,2.0,2.0,7.0
588,23.0,1.0,2.0,1.0
1088,22.0,2.0,2.0,7.0
1205,21.0,1.0,2.0,7.0
61,26.0,2.0,1.0,21.0
2141,58.0,2.0,2.0,7.0
1016,22.0,1.0,2.0,7.0
1652,14.0,1.0,2.0,7.0
222,21.0,1.0,1.0,7.0
694,25.0,1.0,2.0,7.0
1368,16.0,1.0,2.0,7.0
1896,27.0,1.0,2.0,7.0
1398,29.0,2.0,2.0,7.0
360,12.0,2.0,2.0,3.0
891,23.0,1.0,2.0,7.0
2175,7.0,1.0,2.0,7.0
2457,63.0,1.0,2.0,7.0
153,15.0,1.0,3.0,15.0
2251,6.0,2.0,2.0,7.0
1189,17.0,1.0,2.0,7.0
1385,27.0,1.0,2.0,7.0
372,25.0,1.0,1.0,3.0
154,32.0,1.0,2.0,12.0
821,15.0,1.0,2.0,7.0
2405,34.0,2.0,2.0,7.0
667,21.0,2.0,2.0,18.0
1074,29.0,1.0,2.0,7.0
2415,15.0,2.0,2.0,7.0
706,21.0,4.0,2.0,7.0
1374,6.0,1.0,2.0,7.0
1513,15.0,3.0,2.0,7.0
398,19.0,2.0,1.0,2.0
1915,13.0,1.0,2.0,7.0
1382,28.0,2.0,2.0,7.0
380,22.0,4.0,1.0,4.0
1904,22.0,1.0,2.0,7.0
1719,31.0,2.0,2.0,7.0
628,25.0,1.0,2.0,11.0
1782,20.0,2.0,2.0,7.0
640,13.0,1.0,2.0,1.0
601,13.0,1.0,2.0,9.0
2207,30.0,3.0,2.0,7.0
684,16.0,1.0,2.0,7.0
211,15.0,1.0,2.0,5.0
1984,20.0,1.0,2.0,7.0
1141,26.0,1.0,2.0,7.0
1795,19.0,1.0,2.0,7.0
984,31.0,1.0,2.0,7.0
188,17.0,2.0,1.0,15.0
1124,21.0,1.0,2.0,7.0
1059,19.0,1.0,2.0,7.0
176,13.0,1.0,7.0,20.0
974,34.0,2.0,2.0,7.0
585,23.0,1.0,2.0,6.0
2128,33.0,1.0,2.0,7.0
1930,27.0,2.0,2.0,7.0
1945,24.0,1.0,2.0,7.0
2053,16.0,1.0,2.0,7.0
1242,29.0,1.0,2.0,7.0
1982,13.0,2.0,2.0,7.0
2023,12.0,1.0,2.0,7.0
904,36.0,2.0,2.0,7.0
1129,26.0,1.0,2.0,7.0
860,19.0,1.0,2.0,7.0
2240,23.0,1.0,2.0,7.0
582,16.0,2.0,2.0,1.0
2169,20.0,2.0,2.0,7.0
758,23.0,1.0,2.0,7.0
1878,25.0,1.0,2.0,7.0
1643,20.0,1.0,2.0,7.0
242,34.0,2.0,2.0,3.0
1443,23.0,1.0,2.0,7.0
1225,24.0,1.0,2.0,7.0
1490,15.0,2.0,2.0,7.0
1697,9.0,1.0,2.0,7.0
958,8.0,1.0,2.0,7.0
409,23.0,1.0,1.0,5.0
1046,12.0,3.0,2.0,7.0
2186,14.0,1.0,2.0,7.0
1364,10.0,1.0,2.0,7.0
355,16.0,2.0,1.0,2.0
53,18.0,1.0,1.0,14.0
293,15.0,1.0,2.0,5.0
908,22.0,1.0,2.0,7.0
348,14.0,2.0,7.0,2.0
2496,45.0,1.0,2.0,7.0
621,5.0,2.0,2.0,1.0
1197,13.0,1.0,2.0,7.0
1076,22.0,2.0,2.0,7.0
1115,14.0,2.0,2.0,7.0
1435,19.0,1.0,2.0,7.0
1851,8.0,1.0,2.0,7.0
1193,16.0,1.0,2.0,7.0
96,26.0,1.0,1.0,13.0
302,26.0,2.0,1.0,6.0
2020,17.0,2.0,2.0,7.0
120,25.0,1.0,1.0,17.0
527,29.0,1.0,2.0,2.0
2493,16.0,1.0,2.0,7.0
1320,30.0,1.0,2.0,7.0
2291,45.0,3.0,2.0,7.0
1287,17.0,1.0,2.0,7.0
567,21.0,1.0,2.0,9.0
702,26.0,1.0,2.0,7.0
2045,26.0,1.0,2.0,7.0
1303,11.0,1.0,2.0,7.0
1362,7.0,1.0,2.0,7.0
2276,14.0,2.0,2.0,7.0
1922,27.0,3.0,2.0,7.0
148,20.0,1.0,1.0,15.0
1648,18.0,1.0,2.0,7.0
2277,24.0,1.0,2.0,7.0
2352,27.0,1.0,2.0,7.0
890,19.0,1.0,2.0,7.0
58,17.0,1.0,1.0,13.0
353,9.0,1.0,2.0,1.0
285,21.0,1.0,2.0,2.0
324,19.0,1.0,1.0,1.0
1403,26.0,1.0,2.0,7.0
599,14.0,1.0,2.0,7.0
1870,26.0,2.0,2.0,7.0
1080,17.0,1.0,2.0,7.0
361,31.0,1.0,1.0,5.0
1346,17.0,1.0,2.0,7.0
2488,4.0,1.0,2.0,7.0
76,21.0,1.0,3.0,15.0
1062,8.0,2.0,2.0,7.0
1639,16.0,1.0,2.0,7.0
1450,20.0,1.0,2.0,7.0
234,15.0,2.0,3.0,1.0
2227,9.0,2.0,2.0,7.0
1272,10.0,3.0,2.0,7.0
2312,16.0,1.0,2.0,7.0
1366,22.0,3.0,2.0,7.0
49,21.0,2.0,1.0,15.0
1900,19.0,1.0,2.0,7.0
1148,23.0,3.0,2.0,7.0
2486,2.0,1.0,2.0,7.0
2298,40.0,1.0,2.0,7.0
40,18.0,1.0,1.0,14.0
2455,14.0,2.0,2.0,7.0
1595,16.0,1.0,2.0,7.0
437,15.0,3.0,1.0,7.0
1692,24.0,1.0,2.0,7.0
925,19.0,1.0,2.0,7.0
2152,34.0,1.0,2.0,7.0
1512,16.0,1.0,2.0,7.0
940,18.0,2.0,2.0,7.0
652,19.0,1.0,2.0,2.0
2434,25.0,1.0,2.0,7.0
1865,26.0,2.0,2.0,7.0
2222,53.0,1.0,2.0,7.0
1536,17.0,2.0,2.0,7.0
1852,22.0,1.0,2.0,7.0
829,18.0,2.0,2.0,7.0
255,22.0,1.0,1.0,7.0
337,23.0,1.0,2.0,1.0
2484,21.0,1.0,2.0,7.0
1515,25.0,2.0,2.0,7.0
1218,18.0,2.0,2.0,7.0
2463,18.0,1.0,2.0,7.0
996,9.0,2.0,2.0,7.0
112,17.0,1.0,1.0,14.0
2345,87.0,2.0,2.0,7.0
401,24.0,1.0,2.0,1.0
1453,14.0,1.0,2.0,7.0
819,19.0,2.0,2.0,7.0
1449,24.0,1.0,2.0,7.0
1731,24.0,1.0,2.0,7.0
1628,24.0,3.0,2.0,7.0
896,13.0,2.0,2.0,7.0
580,19.0,1.0,2.0,3.0
830,18.0,2.0,2.0,7.0
1884,19.0,2.0,2.0,7.0
1078,27.0,1.0,2.0,7.0
2013,1.0,2.0,2.0,7.0
2183,21.0,1.0,2.0,7.0
671,32.0,1.0,2.0,1.0
1384,8.0,1.0,2.0,7.0
2008,20.0,1.0,2.0,7.0
512,24.0,2.0,2.0,1.0
1750,20.0,1.0,2.0,7.0
1266,10.0,2.0,2.0,7.0
1593,15.0,1.0,2.0,7.0
62,19.0,1.0,1.0,15.0
559,26.0,1.0,2.0,2.0
1811,24.0,1.0,2.0,7.0
1495,17.0,1.0,2.0,7.0
2219,53.0,1.0,2.0,7.0
123,23.0,1.0,2.0,11.0
711,12.0,2.0,2.0,7.0
2406,5.0,3.0,2.0,7.0
604,24.0,1.0,2.0,3.0
2138,54.0,1.0,2.0,7.0
1152,11.0,1.0,2.0,7.0
245,13.0,1.0,3.0,1.0
1294,29.0,1.0,2.0,7.0
391,22.0,1.0,1.0,6.0
1596,11.0,1.0,2.0,7.0
456,11.0,1.0,1.0,2.0
168,8.0,1.0,2.0,18.0
212,17.0,1.0,2.0,13.0
446,21.0,1.0,3.0,3.0
1,21.0,2.0,9.0,19.0
1821,15.0,1.0,2.0,7.0
1111,17.0,2.0,2.0,7.0
801,21.0,1.0,2.0,7.0
1654,27.0,2.0,2.0,7.0
1213,13.0,3.0,2.0,7.0
2379,11.0,1.0,2.0,7.0
204,14.0,1.0,1.0,1.0
1944,24.0,1.0,2.0,7.0
2364,21.0,2.0,2.0,7.0
2009,31.0,1.0,2.0,7.0
2311,29.0,1.0,2.0,7.0
137,10.0,1.0,2.0,8.0
470,4.0,2.0,2.0,2.0
1919,14.0,1.0,2.0,7.0
1044,17.0,1.0,2.0,7.0
1542,17.0,3.0,2.0,7.0
1702,20.0,1.0,2.0,7.0
536,25.0,1.0,2.0,5.0
1412,23.0,1.0,2.0,7.0
2268,3.0,2.0,2.0,7.0
647,31.0,1.0,2.0,5.0
1510,16.0,1.0,2.0,7.0
1541,29.0,2.0,2.0,7.0
2321,28.0,1.0,2.0,7.0
1881,23.0,1.0,2.0,7.0
16,40.0,2.0,4.0,18.0
310,4.0,1.0,1.0,5.0
1836,32.0,1.0,2.0,7.0
2042,33.0,1.0,2.0,7.0
2220,23.0,1.0,2.0,7.0
1637,19.0,3.0,2.0,7.0
1925,21.0,4.0,2.0,7.0
1413,9.0,1.0,2.0,7.0
1416,20.0,1.0,2.0,7.0
1581,6.0,1.0,2.0,7.0
227,13.0,1.0,3.0,3.0
501,29.0,3.0,1.0,3.0
2154,32.0,1.0,2.0,7.0
1588,17.0,1.0,2.0,7.0
912,14.0,3.0,2.0,7.0
909,14.0,1.0,2.0,7.0
573,18.0,1.0,2.0,7.0
658,10.0,1.0,2.0,4.0
2456,22.0,1.0,2.0,7.0
730,28.0,1.0,2.0,7.0
2032,11.0,1.0,2.0,7.0
1608,22.0,1.0,2.0,7.0
382,30.0,1.0,2.0,6.0
540,12.0,1.0,2.0,5.0
1452,15.0,1.0,2.0,7.0
2040,42.0,1.0,2.0,7.0
2424,12.0,1.0,2.0,7.0
135,25.0,2.0,2.0,19.0
1613,16.0,2.0,2.0,7.0
1958,25.0,2.0,2.0,7.0
1312,25.0,1.0,2.0,7.0
1487,20.0,1.0,2.0,7.0
2491,8.0,1.0,2.0,7.0
1841,14.0,1.0,2.0,7.0
1780,15.0,2.0,2.0,7.0
607,15.0,2.0,2.0,19.0
634,22.0,2.0,2.0,14.0
1308,11.0,1.0,2.0,7.0
1849,31.0,2.0,2.0,7.0
1537,19.0,3.0,2.0,7.0
611,13.0,2.0,2.0,3.0
1802,18.0,1.0,2.0,7.0
2018,47.0,1.0,2.0,7.0
1935,17.0,1.0,2.0,7.0
825,23.0,1.0,2.0,7.0
1015,25.0,1.0,2.0,7.0
119,8.0,1.0,3.0,14.0
187,26.0,1.0,1.0,10.0
504,20.0,2.0,2.0,3.0
452,13.0,1.0,2.0,5.0
862,28.0,3.0,2.0,7.0
370,6.0,1.0,3.0,1.0
733,22.0,1.0,2.0,7.0
910,27.0,2.0,2.0,7.0
1493,34.0,1.0,2.0,7.0
937,20.0,1.0,2.0,7.0
432,22.0,2.0,1.0,1.0
892,23.0,1.0,2.0,7.0
1284,15.0,5.0,2.0,7.0
1454,6.0,1.0,2.0,7.0
675,15.0,1.0,2.0,5.0
374,25.0,1.0,5.0,19.0
1355,19.0,3.0,2.0,7.0
2360,8.0,3.0,2.0,7.0
1646,23.0,1.0,2.0,7.0
949,18.0,5.0,2.0,7.0
179,21.0,2.0,3.0,10.0
1231,13.0,3.0,2.0,7.0
2162,18.0,1.0,2.0,7.0
1772,18.0,1.0,2.0,7.0
296,24.0,1.0,2.0,3.0
1972,28.0,1.0,2.0,7.0
1207,20.0,1.0,2.0,7.0
1013,21.0,1.0,2.0,7.0
1540,23.0,2.0,2.0,7.0
1226,19.0,1.0,2.0,7.0
724,18.0,1.0,2.0,7.0
1565,19.0,3.0,2.0,7.0
680,30.0,1.0,2.0,7.0
2242,4.0,2.0,2.0,7.0
756,24.0,1.0,2.0,7.0
814,25.0,1.0,2.0,7.0
1681,12.0,1.0,2.0,7.0
11,5.0,3.0,1.0,13.0
1548,12.0,2.0,2.0,7.0
14,29.0,1.0,1.0,23.0
2387,9.0,1.0,2.0,7.0
471,25.0,1.0,1.0,5.0
1112,23.0,1.0,2.0,7.0
321,24.0,2.0,1.0,5.0
1810,19.0,1.0,2.0,7.0
1428,27.0,1.0,2.0,7.0
880,29.0,4.0,2.0,7.0
1196,15.0,1.0,2.0,7.0
1699,28.0,2.0,2.0,7.0
1260,13.0,1.0,2.0,7.0
400,17.0,1.0,1.0,3.0
1631,8.0,1.0,2.0,7.0
2146,43.0,2.0,2.0,7.0
874,17.0,1.0,2.0,7.0
1041,23.0,1.0,2.0,7.0
615,15.0,4.0,2.0,1.0
1365,27.0,1.0,2.0,7.0
2350,45.0,1.0,2.0,7.0
1100,13.0,2.0,2.0,7.0
271,25.0,1.0,1.0,1.0
778,6.0,1.0,2.0,7.0
1467,26.0,1.0,2.0,7.0
889,21.0,1.0,2.0,7.0
2117,21.0,2.0,2.0,7.0
2226,35.0,1.0,2.0,7.0
292,19.0,1.0,4.0,1.0
1803,24.0,2.0,2.0,7.0
394,11.0,2.0,1.0,3.0
957,5.0,1.0,2.0,7.0
598,26.0,1.0,2.0,2.0
1612,17.0,1.0,2.0,7.0
335,25.0,2.0,5.0,2.0
660,24.0,1.0,2.0,1.0
101,10.0,3.0,2.0,12.0
1479,17.0,1.0,2.0,7.0
532,17.0,1.0,2.0,9.0
2031,4.0,2.0,2.0,7.0
1008,31.0,1.0,2.0,7.0
1120,24.0,1.0,2.0,7.0
839,17.0,1.0,2.0,7.0
1950,38.0,1.0,2.0,7.0
1020,26.0,1.0,2.0,7.0
1369,27.0,2.0,2.0,7.0
1650,22.0,1.0,2.0,7.0
2151,25.0,2.0,2.0,7.0
2427,54.0,2.0,2.0,7.0
261,20.0,1.0,2.0,5.0
661,23.0,3.0,2.0,2.0
736,23.0,1.0,2.0,7.0
2304,13.0,1.0,2.0,7.0
701,15.0,1.0,2.0,7.0
704,20.0,1.0,2.0,7.0
1191,22.0,1.0,2.0,7.0
895,11.0,1.0,2.0,7.0
968,12.0,1.0,2.0,7.0
613,27.0,1.0,2.0,4.0
2393,10.0,1.0,2.0,7.0
2046,39.0,1.0,2.0,7.0
1676,12.0,2.0,2.0,7.0
2320,31.0,5.0,2.0,7.0
1390,26.0,1.0,2.0,7.0
1850,13.0,2.0,2.0,7.0
1753,10.0,1.0,2.0,7.0
2101,7.0,3.0,2.0,7.0
1986,17.0,1.0,2.0,7.0
1470,35.0,1.0,2.0,7.0
2086,46.0,1.0,2.0,7.0
2188,56.0,1.0,2.0,7.0
752,10.0,1.0,2.0,7.0
1094,16.0,1.0,2.0,7.0
220,14.0,2.0,1.0,1.0
2466,9.0,3.0,2.0,7.0
800,20.0,2.0,2.0,7.0
1805,13.0,1.0,2.0,7.0
1180,17.0,1.0,2.0,7.0
2404,42.0,1.0,2.0,7.0
202,9.0,1.0,1.0,4.0
1619,20.0,1.0,2.0,7.0
393,26.0,1.0,2.0,2.0
313,14.0,1.0,3.0,3.0
679,28.0,1.0,2.0,7.0
710,24.0,1.0,2.0,7.0
976,15.0,1.0,2.0,7.0
1147,11.0,1.0,2.0,7.0
2148,37.0,1.0,2.0,7.0
359,28.0,1.0,1.0,1.0
1765,27.0,1.0,2.0,7.0
2244,8.0,1.0,2.0,7.0
201,34.0,2.0,1.0,2.0
673,25.0,1.0,2.0,8.0
746,11.0,1.0,2.0,7.0
2317,17.0,1.0,2.0,7.0
72,21.0,4.0,1.0,13.0
1775,28.0,1.0,2.0,7.0
1194,22.0,1.0,2.0,7.0
1992,25.0,1.0,2.0,7.0
2285,9.0,1.0,2.0,7.0
2060,29.0,2.0,2.0,7.0
2400,16.0,2.0,2.0,7.0
836,7.0,1.0,2.0,7.0
1048,19.0,2.0,2.0,7.0
1084,24.0,1.0,2.0,7.0
1278,14.0,2.0,2.0,7.0
2328,14.0,4.0,2.0,7.0
557,40.0,3.0,2.0,2.0
664,17.0,1.0,2.0,3.0
700,28.0,1.0,2.0,7.0
606,18.0,1.0,2.0,2.0
1407,18.0,1.0,2.0,7.0
547,17.0,1.0,2.0,7.0
2426,13.0,1.0,2.0,7.0
1215,20.0,1.0,2.0,7.0
1844,15.0,1.0,2.0,7.0
297,12.0,1.0,2.0,1.0
1807,13.0,2.0,2.0,7.0
1937,22.0,2.0,2.0,7.0
1404,23.0,1.0,2.0,7.0
1158,29.0,4.0,2.0,7.0
543,13.0,1.0,2.0,1.0
316,20.0,1.0,3.0,2.0
2289,1.0,3.0,2.0,7.0
1036,17.0,1.0,2.0,7.0
666,28.0,1.0,2.0,9.0
633,13.0,1.0,2.0,1.0
2155,3.0,3.0,2.0,7.0
1350,21.0,1.0,2.0,7.0
69,20.0,1.0,3.0,14.0
1327,31.0,1.0,2.0,7.0
1845,4.0,2.0,2.0,7.0
231,16.0,1.0,3.0,2.0
2492,11.0,2.0,2.0,7.0
129,25.0,1.0,1.0,18.0
2278,14.0,1.0,2.0,7.0
578,26.0,1.0,2.0,3.0
503,20.0,1.0,1.0,1.0
1203,21.0,1.0,2.0,7.0
1257,18.0,1.0,2.0,7.0
820,15.0,1.0,2.0,7.0
764,19.0,1.0,2.0,7.0
1899,11.0,3.0,2.0,7.0
2430,6.0,1.0,2.0,7.0
806,14.0,2.0,2.0,7.0
1741,18.0,1.0,2.0,7.0
2077,19.0,1.0,2.0,7.0
474,17.0,1.0,2.0,4.0
78,7.0,1.0,1.0,17.0
1072,4.0,1.0,2.0,7.0
1373,18.0,1.0,2.0,7.0
581,25.0,1.0,2.0,2.0
100,10.0,2.0,1.0,14.0
2318,22.0,2.0,2.0,7.0
561,23.0,1.0,2.0,3.0
1188,25.0,1.0,2.0,7.0
2132,20.0,1.0,2.0,7.0
564,20.0,1.0,2.0,1.0
92,33.0,3.0,1.0,16.0
213,21.0,2.0,1.0,4.0
410,9.0,3.0,1.0,2.0
1025,10.0,1.0,2.0,7.0
249,24.0,2.0,1.0,1.0
458,26.0,1.0,1.0,3.0
1038,18.0,1.0,2.0,7.0
1440,13.0,2.0,2.0,7.0
1341,20.0,1.0,2.0,7.0
1331,22.0,1.0,2.0,7.0
1037,13.0,1.0,2.0,7.0
646,15.0,2.0,2.0,5.0
2074,42.0,1.0,2.0,7.0
368,18.0,1.0,1.0,7.0
1275,11.0,3.0,2.0,7.0
1729,19.0,1.0,2.0,7.0
110,21.0,2.0,2.0,20.0
2357,3.0,1.0,2.0,7.0
1968,19.0,2.0,2.0,7.0
1985,20.0,1.0,2.0,7.0
1708,23.0,1.0,2.0,7.0
991,21.0,1.0,2.0,7.0
619,16.0,1.0,2.0,2.0
453,20.0,1.0,2.0,3.0
1891,7.0,4.0,2.0,7.0
2386,23.0,1.0,2.0,7.0
1715,22.0,1.0,2.0,7.0
1043,12.0,3.0,2.0,7.0
520,19.0,1.0,2.0,4.0
2051,24.0,2.0,2.0,7.0
2433,29.0,1.0,2.0,7.0
182,19.0,1.0,2.0,14.0
1867,17.0,2.0,2.0,7.0
893,16.0,1.0,2.0,7.0
1773,24.0,2.0,2.0,7.0
462,24.0,2.0,2.0,2.0
215,20.0,1.0,4.0,4.0
1042,11.0,2.0,2.0,7.0
2028,27.0,3.0,2.0,7.0
1812,14.0,4.0,2.0,7.0
2100,6.0,1.0,2.0,7.0
1787,12.0,1.0,2.0,7.0
742,26.0,1.0,2.0,7.0
1082,18.0,1.0,2.0,7.0
1496,30.0,1.0,2.0,7.0
1427,21.0,1.0,2.0,7.0
1948,20.0,2.0,2.0,7.0
861,20.0,1.0,2.0,7.0
2264,14.0,1.0,2.0,7.0
1240,26.0,1.0,2.0,7.0
1351,28.0,1.0,2.0,7.0
1239,23.0,1.0,2.0,7.0
1248,20.0,1.0,2.0,7.0
687,30.0,1.0,2.0,7.0
455,27.0,1.0,1.0,14.0
1819,19.0,1.0,2.0,7.0
113,8.0,1.0,5.0,17.0
1784,26.0,1.0,2.0,7.0
568,11.0,1.0,2.0,1.0
1767,18.0,2.0,2.0,7.0
2235,8.0,1.0,2.0,7.0
1670,18.0,1.0,2.0,7.0
728,20.0,2.0,2.0,7.0
980,14.0,1.0,2.0,7.0
1131,23.0,2.0,2.0,7.0
2402,33.0,2.0,2.0,7.0
1348,28.0,1.0,2.0,7.0
1862,23.0,1.0,2.0,7.0
44,8.0,1.0,1.0,13.0
415,15.0,1.0,1.0,3.0
149,33.0,1.0,2.0,21.0
1249,14.0,1.0,2.0,7.0
265,29.0,1.0,3.0,1.0
1377,21.0,1.0,2.0,7.0
282,17.0,1.0,2.0,3.0
356,21.0,1.0,1.0,4.0
2197,11.0,2.0,2.0,7.0
1528,11.0,1.0,2.0,7.0
963,18.0,3.0,2.0,7.0
2094,3.0,4.0,2.0,7.0
1846,26.0,1.0,2.0,7.0
2490,11.0,1.0,2.0,7.0
1307,29.0,1.0,2.0,7.0
441,17.0,1.0,2.0,1.0
1246,27.0,2.0,2.0,7.0
986,13.0,1.0,2.0,7.0
2468,24.0,1.0,2.0,7.0
1281,27.0,1.0,2.0,7.0
1747,19.0,1.0,2.0,7.0
1961,6.0,1.0,2.0,7.0
919,12.0,1.0,2.0,7.0
1599,26.0,1.0,2.0,7.0
1185,17.0,3.0,2.0,7.0
1233,16.0,1.0,2.0,7.0
1456,30.0,1.0,2.0,7.0
170,24.0,1.0,1.0,16.0
1980,20.0,1.0,2.0,7.0
1471,27.0,3.0,2.0,7.0
214,17.0,1.0,6.0,1.0
1916,17.0,1.0,2.0,7.0
362,15.0,3.0,1.0,3.0
351,14.0,1.0,2.0,12.0
631,35.0,1.0,2.0,1.0
1783,20.0,1.0,2.0,7.0
15,20.0,1.0,1.0,13.0
1508,11.0,1.0,2.0,7.0
1600,10.0,1.0,2.0,7.0
659,18.0,1.0,2.0,5.0
693,13.0,2.0,2.0,7.0
411,18.0,2.0,1.0,4.0
1932,22.0,4.0,2.0,7.0
1356,9.0,1.0,2.0,7.0
2241,23.0,1.0,2.0,7.0
1033,21.0,1.0,2.0,7.0
499,7.0,1.0,1.0,3.0
2313,20.0,1.0,2.0,7.0
767,15.0,4.0,2.0,7.0
2034,25.0,1.0,2.0,7.0
126,25.0,1.0,2.0,14.0
1796,32.0,1.0,2.0,7.0
2451,20.0,3.0,2.0,7.0
2281,17.0,1.0,2.0,7.0
737,15.0,1.0,2.0,7.0
535,10.0,1.0,2.0,2.0
1054,20.0,1.0,2.0,7.0
325,15.0,1.0,2.0,1.0
798,20.0,1.0,2.0,7.0
2252,7.0,1.0,2.0,7.0
787,22.0,3.0,2.0,7.0
2113,9.0,1.0,2.0,7.0
2189,24.0,2.0,2.0,7.0
1640,19.0,1.0,2.0,7.0
739,24.0,1.0,2.0,7.0
1970,14.0,1.0,2.0,7.0
955,28.0,1.0,2.0,7.0
1376,21.0,2.0,2.0,7.0
257,13.0,1.0,1.0,9.0
875,23.0,1.0,2.0,7.0
2273,2.0,1.0,2.0,7.0
493,19.0,1.0,1.0,6.0
831,37.0,1.0,2.0,7.0
888,18.0,1.0,2.0,7.0
461,16.0,3.0,1.0,2.0
788,21.0,1.0,2.0,7.0
1451,20.0,1.0,2.0,7.0
1468,24.0,1.0,2.0,7.0
1098,28.0,1.0,2.0,7.0
1947,16.0,1.0,2.0,7.0
1763,17.0,1.0,2.0,7.0
2259,7.0,2.0,2.0,7.0
2409,34.0,1.0,2.0,7.0
1429,15.0,2.0,2.0,7.0
1319,30.0,1.0,2.0,7.0
243,16.0,1.0,1.0,1.0
1751,12.0,2.0,2.0,7.0
226,21.0,2.0,1.0,2.0
853,26.0,1.0,2.0,7.0
171,18.0,2.0,3.0,22.0
485,22.0,1.0,1.0,5.0
1034,7.0,2.0,2.0,7.0
299,11.0,1.0,2.0,5.0
548,26.0,1.0,2.0,2.0
1509,32.0,1.0,2.0,7.0
1873,19.0,2.0,2.0,7.0
1058,22.0,1.0,2.0,7.0
850,27.0,2.0,2.0,7.0
1634,24.0,1.0,2.0,7.0
2030,33.0,1.0,2.0,7.0
593,19.0,1.0,2.0,1.0
1902,9.0,1.0,2.0,7.0
725,8.0,2.0,2.0,7.0
1996,16.0,1.0,2.0,7.0
1530,29.0,2.0,2.0,7.0
779,14.0,1.0,2.0,7.0
1766,15.0,1.0,2.0,7.0
637,13.0,2.0,2.0,4.0
1383,20.0,1.0,2.0,7.0
1164,32.0,1.0,2.0,7.0
1414,22.0,1.0,2.0,7.0
1604,26.0,2.0,2.0,7.0
1666,24.0,1.0,2.0,7.0
1799,23.0,1.0,2.0,7.0
473,11.0,1.0,1.0,1.0
1745,17.0,1.0,2.0,7.0
1032,21.0,3.0,2.0,7.0
2015,4.0,2.0,2.0,7.0
1695,31.0,1.0,2.0,7.0
1943,10.0,1.0,2.0,7.0
1505,27.0,1.0,2.0,7.0
583,15.0,2.0,2.0,5.0
513,28.0,2.0,2.0,1.0
952,18.0,2.0,2.0,7.0
2233,13.0,1.0,2.0,7.0
669,11.0,2.0,2.0,2.0
2442,25.0,1.0,2.0,7.0
1908,30.0,1.0,2.0,7.0
2056,38.0,1.0,2.0,7.0
847,21.0,1.0,2.0,7.0
1711,30.0,1.0,2.0,7.0
1110,29.0,1.0,2.0,7.0
1928,24.0,2.0,2.0,7.0
86,22.0,2.0,9.0,16.0
384,24.0,1.0,1.0,1.0
269,31.0,1.0,2.0,1.0
571,15.0,1.0,2.0,2.0
1269,30.0,2.0,2.0,7.0
340,20.0,1.0,1.0,4.0
1475,23.0,1.0,2.0,7.0
1609,18.0,1.0,2.0,7.0
1462,12.0,1.0,2.0,7.0
258,14.0,2.0,1.0,1.0
332,29.0,1.0,2.0,3.0
418,9.0,1.0,2.0,1.0
1012,21.0,1.0,2.0,7.0
1086,25.0,2.0,2.0,7.0
692,10.0,3.0,2.0,7.0
399,26.0,1.0,3.0,1.0
1200,26.0,1.0,2.0,7.0
1057,21.0,1.0,2.0,7.0
1854,24.0,1.0,2.0,7.0
1485,23.0,1.0,2.0,7.0
1208,24.0,2.0,2.0,7.0
2166,31.0,3.0,2.0,7.0
1476,12.0,1.0,2.0,7.0
863,20.0,1.0,2.0,7.0
2033,5.0,2.0,2.0,7.0
308,10.0,1.0,1.0,3.0
1492,19.0,2.0,2.0,7.0
948,18.0,1.0,2.0,7.0
1354,23.0,1.0,2.0,7.0
799,17.0,2.0,2.0,7.0
526,22.0,1.0,2.0,2.0
1056,25.0,1.0,2.0,7.0
989,25.0,2.0,2.0,7.0
622,16.0,1.0,2.0,7.0
1258,15.0,1.0,2.0,7.0
1363,31.0,1.0,2.0,7.0
2338,42.0,1.0,2.0,7.0
1157,35.0,1.0,2.0,7.0
614,19.0,1.0,2.0,4.0
1302,19.0,2.0,2.0,7.0
1224,40.0,1.0,2.0,7.0
365,28.0,1.0,5.0,3.0
303,8.0,1.0,3.0,1.0
714,6.0,1.0,2.0,7.0
1725,34.0,2.0,2.0,7.0
1494,29.0,1.0,2.0,7.0
443,22.0,1.0,5.0,1.0
2108,5.0,1.0,2.0,7.0
610,22.0,1.0,2.0,5.0
1463,10.0,1.0,2.0,7.0
197,24.0,1.0,3.0,14.0
1914,20.0,2.0,2.0,7.0
522,17.0,2.0,2.0,2.0
2465,13.0,1.0,2.0,7.0
1644,17.0,1.0,2.0,7.0
979,12.0,1.0,2.0,7.0
2428,17.0,1.0,2.0,7.0
2157,3.0,2.0,2.0,7.0
2385,1.0,1.0,2.0,7.0
2349,14.0,1.0,2.0,7.0
2388,15.0,4.0,2.0,7.0
935,16.0,1.0,2.0,7.0
1337,27.0,1.0,2.0,7.0
2471,6.0,1.0,2.0,7.0
1507,21.0,4.0,2.0,7.0
1160,17.0,1.0,2.0,7.0
1889,19.0,1.0,2.0,7.0
1903,35.0,1.0,2.0,7.0
1306,16.0,1.0,2.0,7.0
1898,23.0,1.0,2.0,7.0
2082,20.0,1.0,2.0,7.0
1941,17.0,1.0,2.0,7.0
509,15.0,1.0,7.0,2.0
2098,15.0,1.0,2.0,7.0
2297,4.0,1.0,2.0,7.0
1264,13.0,3.0,2.0,7.0
1478,18.0,1.0,2.0,7.0
1813,23.0,1.0,2.0,7.0
2111,1.0,2.0,2.0,7.0
1578,13.0,1.0,2.0,7.0
2209,10.0,2.0,2.0,7.0
1706,10.0,1.0,2.0,7.0
1280,18.0,1.0,2.0,7.0
812,20.0,1.0,2.0,7.0
416,15.0,1.0,1.0,1.0
1484,13.0,3.0,2.0,7.0
287,12.0,1.0,2.0,7.0
1785,21.0,2.0,2.0,7.0
366,16.0,1.0,2.0,2.0
1117,25.0,4.0,2.0,7.0
2010,6.0,2.0,2.0,7.0
688,19.0,1.0,2.0,7.0
751,19.0,1.0,2.0,7.0
1574,21.0,1.0,2.0,7.0
2425,5.0,1.0,2.0,7.0
1778,24.0,1.0,2.0,7.0
1432,13.0,1.0,2.0,7.0
1618,34.0,1.0,2.0,7.0
1580,13.0,1.0,2.0,7.0
408,20.0,1.0,2.0,4.0
2231,27.0,1.0,2.0,7.0
1161,18.0,2.0,2.0,7.0
2280,19.0,2.0,2.0,7.0
2477,7.0,3.0,2.0,7.0
1529,18.0,2.0,2.0,7.0
740,21.0,1.0,2.0,7.0
1768,27.0,1.0,2.0,7.0
1926,11.0,3.0,2.0,7.0
1538,10.0,1.0,2.0,7.0
2004,10.0,3.0,2.0,7.0
407,19.0,1.0,1.0,1.0
225,17.0,1.0,3.0,1.0
288,15.0,1.0,1.0,1.0
901,18.0,1.0,2.0,7.0
1174,6.0,2.0,2.0,7.0
2334,5.0,1.0,2.0,7.0
1770,16.0,1.0,2.0,7.0
2123,25.0,1.0,2.0,7.0
656,23.0,1.0,2.0,2.0
897,18.0,1.0,2.0,7.0
1371,10.0,1.0,2.0,7.0
1615,27.0,1.0,2.0,7.0
734,20.0,1.0,2.0,7.0
1816,16.0,1.0,2.0,7.0
445,10.0,2.0,1.0,1.0
1876,25.0,1.0,2.0,7.0
2422,8.0,1.0,2.0,7.0
1672,30.0,1.0,2.0,7.0
1153,4.0,1.0,2.0,7.0
2435,13.0,1.0,2.0,7.0
708,17.0,2.0,2.0,7.0
364,15.0,1.0,3.0,2.0
1353,20.0,1.0,2.0,7.0
2476,27.0,2.0,2.0,7.0
1611,21.0,1.0,2.0,7.0
1119,15.0,3.0,2.0,7.0
1998,31.0,1.0,2.0,7.0
510,16.0,2.0,2.0,2.0
1095,5.0,1.0,2.0,7.0
541,18.0,1.0,2.0,3.0
2368,23.0,3.0,2.0,7.0
169,14.0,3.0,1.0,17.0
1552,7.0,1.0,2.0,7.0
30,13.0,2.0,2.0,19.0
1687,19.0,3.0,2.0,7.0
1642,17.0,1.0,2.0,7.0
572,9.0,3.0,2.0,9.0
2143,57.0,5.0,2.0,7.0
336,18.0,1.0,2.0,2.0
141,21.0,3.0,1.0,14.0
913,12.0,1.0,2.0,7.0
1052,22.0,1.0,2.0,7.0
1274,22.0,1.0,2.0,7.0
208,23.0,1.0,1.0,1.0
626,24.0,1.0,2.0,3.0
301,14.0,1.0,2.0,5.0
985,12.0,1.0,2.0,7.0
1021,21.0,2.0,2.0,7.0
2489,14.0,1.0,2.0,7.0
1882,13.0,1.0,2.0,7.0
1557,15.0,2.0,2.0,7.0
1229,15.0,1.0,2.0,7.0
2485,19.0,3.0,2.0,7.0
1489,16.0,1.0,2.0,7.0
383,15.0,1.0,2.0,5.0
134,4.0,2.0,2.0,16.0
406,10.0,1.0,2.0,7.0
2449,3.0,1.0,2.0,7.0
2248,8.0,1.0,2.0,7.0
802,9.0,1.0,2.0,7.0
997,22.0,1.0,2.0,7.0
682,22.0,1.0,2.0,7.0
2370,9.0,1.0,2.0,7.0
2355,12.0,1.0,2.0,7.0
1752,21.0,2.0,2.0,7.0
887,25.0,1.0,2.0,7.0
2165,17.0,1.0,2.0,7.0
1655,27.0,1.0,2.0,7.0
793,12.0,4.0,2.0,7.0
1060,11.0,1.0,2.0,7.0
969,25.0,1.0,2.0,7.0
1360,17.0,1.0,2.0,7.0
1109,20.0,2.0,2.0,7.0
2161,6.0,1.0,2.0,7.0
2215,9.0,1.0,2.0,7.0
1506,27.0,1.0,2.0,7.0
2140,13.0,2.0,2.0,7.0
1886,13.0,1.0,2.0,7.0
1594,18.0,1.0,2.0,7.0
1989,10.0,1.0,2.0,7.0
2069,13.0,1.0,2.0,7.0
1187,12.0,1.0,2.0,7.0
1442,22.0,2.0,2.0,7.0
1261,10.0,1.0,2.0,7.0
2163,6.0,1.0,2.0,7.0
840,13.0,2.0,2.0,7.0
786,22.0,1.0,2.0,7.0
1063,17.0,2.0,2.0,7.0
1192,13.0,1.0,2.0,7.0
1039,26.0,1.0,2.0,7.0
2330,62.0,1.0,2.0,7.0
450,36.0,1.0,2.0,8.0
1162,18.0,2.0,2.0,7.0
1668,7.0,1.0,2.0,7.0
146,20.0,1.0,1.0,17.0
1517,17.0,1.0,2.0,7.0
1824,12.0,1.0,2.0,7.0
993,17.0,1.0,2.0,7.0
1472,22.0,1.0,2.0,7.0
480,10.0,1.0,1.0,1.0
2104,5.0,1.0,2.0,7.0
2266,17.0,3.0,2.0,7.0
2371,6.0,1.0,2.0,7.0
868,20.0,4.0,2.0,7.0
436,19.0,4.0,2.0,6.0
648,13.0,1.0,2.0,1.0
1436,7.0,1.0,2.0,7.0
1682,19.0,1.0,2.0,7.0
1297,10.0,2.0,2.0,7.0
2472,12.0,1.0,2.0,7.0
277,10.0,2.0,1.0,1.0
2112,4.0,1.0,2.0,7.0
922,10.0,1.0,2.0,7.0
1597,7.0,1.0,2.0,7.0
691,24.0,2.0,2.0,7.0
1888,18.0,1.0,2.0,7.0
2012,10.0,1.0,2.0,7.0
1392,16.0,1.0,2.0,7.0
1273,22.0,1.0,2.0,7.0
2436,2.0,1.0,2.0,7.0
1386,15.0,1.0,2.0,7.0
421,25.0,1.0,3.0,1.0
1165,18.0,1.0,2.0,7.0
1134,24.0,2.0,2.0,7.0
75,23.0,1.0,1.0,23.0
496,23.0,1.0,1.0,5.0
748,23.0,1.0,2.0,7.0
1334,18.0,2.0,2.0,7.0
965,19.0,1.0,2.0,7.0
2050,5.0,1.0,2.0,7.0
1584,30.0,1.0,2.0,7.0
1251,10.0,1.0,2.0,7.0
1406,19.0,1.0,2.0,7.0
1993,14.0,1.0,2.0,7.0
2390,4.0,1.0,2.0,7.0
1128,19.0,1.0,2.0,7.0
1627,17.0,1.0,2.0,7.0
584,6.0,2.0,2.0,4.0
1997,16.0,3.0,2.0,7.0
1181,16.0,3.0,2.0,7.0
1459,15.0,1.0,2.0,7.0
507,17.0,2.0,1.0,1.0
550,25.0,1.0,2.0,1.0
1370,16.0,2.0,2.0,7.0
2124,6.0,1.0,2.0,7.0
885,25.0,1.0,2.0,7.0
867,28.0,2.0,2.0,7.0
2172,3.0,1.0,2.0,7.0
721,8.0,1.0,2.0,7.0
1830,33.0,2.0,2.0,7.0
2142,7.0,1.0,2.0,7.0
322,27.0,2.0,1.0,2.0
1079,18.0,2.0,2.0,7.0
2380,8.0,1.0,2.0,7.0
695,24.0,2.0,2.0,7.0
971,22.0,1.0,2.0,7.0
1885,19.0,1.0,2.0,7.0
2255,7.0,1.0,2.0,7.0
312,32.0,1.0,1.0,4.0
1781,18.0,1.0,2.0,7.0
221,10.0,1.0,1.0,4.0
1786,22.0,4.0,2.0,7.0
199,21.0,1.0,1.0,21.0
1929,33.0,1.0,2.0,7.0
1572,7.0,1.0,2.0,7.0
1554,18.0,1.0,2.0,7.0
1864,15.0,1.0,2.0,7.0
2407,9.0,1.0,2.0,7.0
678,11.0,1.0,2.0,7.0
1431,11.0,1.0,2.0,7.0
1514,30.0,2.0,2.0,7.0
616,13.0,1.0,2.0,2.0
1006,16.0,1.0,2.0,7.0
943,24.0,2.0,2.0,7.0
2257,5.0,1.0,2.0,7.0
1949,20.0,1.0,2.0,7.0
2102,11.0,3.0,2.0,7.0
272,12.0,4.0,2.0,6.0
1977,15.0,6.0,2.0,7.0
1976,14.0,2.0,2.0,7.0
2260,6.0,3.0,2.0,7.0
2366,8.0,1.0,2.0,7.0
1408,7.0,2.0,2.0,7.0
1101,8.0,2.0,2.0,7.0
916,27.0,1.0,2.0,7.0
2351,20.0,1.0,2.0,7.0
1555,9.0,4.0,2.0,7.0
1827,12.0,1.0,2.0,7.0
769,20.0,1.0,2.0,7.0
64,7.0,1.0,1.0,13.0
1255,17.0,2.0,2.0,7.0
31,21.0,2.0,1.0,13.0
2332,24.0,1.0,2.0,7.0
645,8.0,1.0,2.0,2.0
1979,11.0,1.0,2.0,7.0
881,22.0,4.0,2.0,7.0
641,18.0,1.0,2.0,1.0
2347,18.0,1.0,2.0,7.0
2144,21.0,1.0,2.0,7.0
1007,22.0,2.0,2.0,7.0
1301,23.0,2.0,2.0,7.0
2129,23.0,1.0,2.0,7.0
1576,12.0,1.0,2.0,7.0
1761,4.0,1.0,2.0,7.0
2256,6.0,4.0,2.0,7.0
403,23.0,1.0,4.0,4.0
927,8.0,1.0,2.0,7.0
1847,26.0,1.0,2.0,7.0
345,15.0,1.0,1.0,1.0
936,14.0,1.0,2.0,7.0
1638,19.0,1.0,2.0,7.0
1662,21.0,3.0,2.0,7.0
1835,30.0,1.0,2.0,7.0
796,17.0,1.0,2.0,7.0
846,7.0,1.0,2.0,7.0
2107,11.0,1.0,2.0,7.0
1685,22.0,1.0,2.0,7.0
429,20.0,1.0,1.0,4.0
2158,7.0,2.0,2.0,7.0
2025,19.0,1.0,2.0,7.0
2247,15.0,2.0,2.0,7.0
592,24.0,1.0,2.0,3.0
291,15.0,1.0,1.0,1.0
1003,25.0,1.0,2.0,7.0
497,18.0,1.0,1.0,8.0
1330,20.0,1.0,2.0,7.0
2059,18.0,1.0,2.0,7.0
858,16.0,1.0,2.0,7.0
2081,9.0,2.0,2.0,7.0
1623,20.0,1.0,2.0,7.0
2333,4.0,2.0,2.0,7.0
2344,4.0,1.0,2.0,7.0
1793,15.0,2.0,2.0,7.0
1279,13.0,1.0,2.0,7.0
2072,15.0,1.0,2.0,7.0
1163,24.0,1.0,2.0,7.0
2382,10.0,1.0,2.0,7.0
1704,15.0,2.0,2.0,7.0
2353,2.0,2.0,2.0,7.0
2079,8.0,1.0,2.0,7.0
960,14.0,1.0,2.0,7.0
1217,12.0,2.0,2.0,7.0
1585,18.0,1.0,2.0,7.0
1316,9.0,4.0,2.0,7.0
2089,11.0,2.0,2.0,7.0
339,17.0,1.0,1.0,3.0
1268,15.0,1.0,2.0,7.0
1419,26.0,2.0,2.0,7.0
1659,8.0,1.0,2.0,7.0
1466,12.0,2.0,2.0,7.0
2391,2.0,1.0,2.0,7.0
1171,12.0,2.0,2.0,7.0
2093,8.0,1.0,2.0,7.0
1305,13.0,1.0,2.0,7.0
590,19.0,1.0,2.0,3.0
2061,7.0,2.0,2.0,7.0
2293,2.0,1.0,2.0,7.0
1250,7.0,1.0,2.0,7.0
1546,16.0,1.0,2.0,7.0
2250,3.0,2.0,2.0,7.0
2495,22.0,1.0,2.0,7.0
587,17.0,1.0,2.0,1.0
1184,14.0,1.0,2.0,7.0
917,24.0,3.0,2.0,7.0
1031,17.0,1.0,2.0,7.0
1394,13.0,2.0,2.0,7.0
464,14.0,1.0,1.0,2.0
1142,14.0,1.0,2.0,7.0
1842,28.0,2.0,2.0,7.0
2295,6.0,1.0,2.0,7.0
2073,17.0,2.0,2.0,7.0
270,20.0,1.0,1.0,1.0
1430,14.0,1.0,2.0,7.0
305,7.0,3.0,1.0,2.0
2185,23.0,3.0,2.0,7.0
2199,13.0,1.0,2.0,7.0
1103,20.0,1.0,2.0,7.0
344,27.0,2.0,1.0,7.0
663,34.0,1.0,2.0,2.0
508,22.0,1.0,2.0,3.0
2003,5.0,1.0,2.0,7.0
1206,16.0,1.0,2.0,7.0
951,23.0,1.0,2.0,7.0
2459,10.0,1.0,2.0,7.0
300,16.0,1.0,2.0,1.0
2288,10.0,2.0,2.0,7.0
2068,3.0,1.0,2.0,7.0
1801,12.0,1.0,2.0,7.0
247,21.0,1.0,3.0,1.0
2412,8.0,1.0,2.0,7.0
1318,4.0,1.0,2.0,7.0
617,10.0,1.0,2.0,3.0
1633,13.0,2.0,2.0,7.0
2441,21.0,1.0,2.0,7.0
872,32.0,1.0,2.0,7.0
750,19.0,1.0,2.0,7.0
2337,17.0,1.0,2.0,7.0
698,12.0,1.0,2.0,7.0
515,23.0,3.0,2.0,6.0
290,19.0,1.0,2.0,1.0
1727,24.0,2.0,2.0,7.0
1518,18.0,1.0,2.0,7.0
915,20.0,2.0,2.0,7.0
2443,1.0,1.0,2.0,7.0
2423,7.0,1.0,2.0,7.0
2284,9.0,1.0,2.0,7.0
1210,8.0,3.0,2.0,7.0
1391,20.0,3.0,2.0,7.0
1409,11.0,1.0,2.0,7.0
2200,18.0,1.0,2.0,7.0
1788,29.0,1.0,2.0,7.0
1102,10.0,1.0,2.0,7.0
381,12.0,1.0,2.0,1.0
1393,5.0,3.0,2.0,7.0
1326,24.0,2.0,2.0,7.0
1978,24.0,1.0,2.0,7.0
2411,4.0,1.0,2.0,7.0
879,12.0,2.0,2.0,7.0
1010,8.0,2.0,2.0,7.0
638,10.0,1.0,2.0,2.0
1955,9.0,1.0,2.0,7.0
1560,12.0,3.0,2.0,7.0
2469,4.0,2.0,2.0,7.0
331,13.0,1.0,1.0,3.0
392,19.0,1.0,1.0,4.0
467,12.0,1.0,1.0,3.0
2437,8.0,1.0,2.0,7.0
1488,16.0,1.0,2.0,7.0
1009,6.0,1.0,2.0,7.0
1610,18.0,2.0,2.0,7.0
1219,24.0,1.0,2.0,7.0
2191,14.0,2.0,2.0,7.0
1352,23.0,1.0,2.0,7.0
1971,8.0,4.0,2.0,7.0
175,13.0,1.0,1.0,14.0
2299,11.0,1.0,2.0,7.0
2014,19.0,3.0,2.0,7.0
975,21.0,1.0,2.0,7.0
2106,24.0,1.0,2.0,7.0
80,8.0,1.0,2.0,18.0
2446,6.0,1.0,2.0,7.0
2372,6.0,1.0,2.0,7.0
2182,5.0,2.0,2.0,7.0
869,14.0,1.0,2.0,7.0
1238,23.0,2.0,2.0,7.0
2173,2.0,1.0,2.0,7.0
2375,5.0,2.0,2.0,7.0
884,6.0,2.0,2.0,7.0
1567,16.0,1.0,2.0,7.0
2348,3.0,2.0,2.0,7.0
2453,7.0,1.0,2.0,7.0
2319,9.0,1.0,2.0,7.0
642,22.0,1.0,2.0,2.0
2125,6.0,1.0,2.0,7.0
1804,15.0,1.0,2.0,7.0
2263,9.0,1.0,2.0,7.0
2062,1.0,1.0,2.0,7.0
1861,13.0,1.0,2.0,7.0
795,16.0,1.0,2.0,7.0
2167,11.0,1.0,2.0,7.0
717,19.0,1.0,2.0,7.0
1523,6.0,2.0,2.0,7.0
2431,4.0,2.0,2.0,7.0
1962,21.0,2.0,2.0,7.0
2432,1.0,1.0,2.0,7.0
591,4.0,1.0,2.0,9.0
1286,13.0,1.0,2.0,7.0
2362,5.0,1.0,2.0,7.0
1549,18.0,1.0,2.0,7.0
2369,10.0,2.0,2.0,7.0
1519,17.0,1.0,2.0,7.0
1051,10.0,1.0,2.0,7.0
1938,16.0,1.0,2.0,7.0
1848,18.0,1.0,2.0,7.0
1603,12.0,4.0,2.0,7.0
1243,18.0,1.0,2.0,7.0
2130,6.0,1.0,2.0,7.0
531,10.0,1.0,2.0,1.0
760,13.0,2.0,2.0,7.0
1325,7.0,3.0,2.0,7.0
2367,1.0,1.0,2.0,7.0
1710,8.0,1.0,2.0,7.0
1757,3.0,2.0,2.0,7.0
2270,5.0,1.0,2.0,7.0
2052,9.0,3.0,2.0,7.0
2482,26.0,2.0,2.0,7.0
1675,13.0,1.0,2.0,7.0
804,13.0,2.0,2.0,7.0
2421,3.0,1.0,2.0,7.0
2177,38.0,2.0,2.0,7.0
775,14.0,1.0,2.0,7.0
2381,4.0,1.0,2.0,7.0
1071,12.0,1.0,2.0,7.0
719,13.0,1.0,2.0,7.0
2460,18.0,1.0,2.0,7.0
624,5.0,1.0,2.0,3.0
1342,17.0,1.0,2.0,7.0
2083,2.0,1.0,2.0,7.0
1270,20.0,1.0,2.0,7.0
970,14.0,1.0,2.0,7.0
1375,12.0,2.0,2.0,7.0
2214,13.0,2.0,2.0,7.0
1858,3.0,1.0,2.0,7.0
1909,16.0,1.0,2.0,7.0
2118,9.0,2.0,2.0,7.0
1653,20.0,1.0,2.0,7.0
1024,6.0,1.0,2.0,7.0
1295,17.0,1.0,2.0,7.0
533,21.0,1.0,2.0,3.0
2234,4.0,2.0,2.0,7.0
320,14.0,1.0,3.0,4.0
2017,3.0,1.0,2.0,7.0
1168,10.0,3.0,2.0,7.0
805,9.0,1.0,2.0,7.0
1254,12.0,1.0,2.0,7.0
995,22.0,1.0,2.0,7.0
2103,8.0,1.0,2.0,7.0
1616,12.0,1.0,2.0,7.0
1771,7.0,1.0,2.0,7.0
1236,23.0,1.0,2.0,7.0
2110,9.0,2.0,2.0,7.0
1829,6.0,1.0,2.0,7.0
2159,2.0,1.0,2.0,7.0
2359,8.0,1.0,2.0,7.0
438,23.0,2.0,1.0,2.0
1661,20.0,1.0,2.0,7.0
603,5.0,1.0,2.0,1.0
1522,19.0,1.0,2.0,7.0
2212,4.0,1.0,2.0,7.0
838,16.0,2.0,2.0,7.0
1820,7.0,1.0,2.0,7.0
1758,12.0,2.0,2.0,7.0
2323,2.0,1.0,2.0,7.0
1444,20.0,1.0,2.0,7.0
1664,23.0,1.0,2.0,7.0
1868,11.0,1.0,2.0,7.0
556,11.0,2.0,2.0,1.0
1893,13.0,1.0,2.0,7.0
2016,1.0,1.0,2.0,7.0
2408,1.0,1.0,2.0,7.0
1589,15.0,1.0,2.0,7.0
1683,14.0,1.0,2.0,7.0
1917,13.0,1.0,2.0,7.0
2325,13.0,1.0,2.0,7.0
2478,1.0,1.0,2.0,7.0
2126,9.0,1.0,2.0,7.0
1155,9.0,2.0,2.0,7.0
2454,1.0,1.0,2.0,7.0
1347,9.0,1.0,2.0,7.0
1137,16.0,1.0,2.0,7.0
228,7.0,1.0,1.0,4.0
2279,1.0,2.0,2.0,7.0
791,8.0,1.0,2.0,7.0
2204,5.0,1.0,2.0,7.0
1216,10.0,2.0,2.0,7.0
1651,15.0,3.0,2.0,7.0
1175,12.0,1.0,2.0,7.0
990,12.0,1.0,2.0,7.0
944,15.0,1.0,2.0,7.0
2336,8.0,1.0,2.0,7.0
2401,5.0,1.0,2.0,7.0
2479,15.0,1.0,2.0,7.0
2232,6.0,1.0,2.0,7.0
654,8.0,1.0,2.0,2.0
1400,9.0,1.0,2.0,7.0
1458,15.0,1.0,2.0,7.0
1721,15.0,1.0,2.0,7.0
2115,1.0,1.0,2.0,7.0
1553,12.0,1.0,2.0,7.0
2303,4.0,1.0,2.0,7.0
1028,19.0,1.0,2.0,7.0
2483,3.0,1.0,2.0,7.0
2377,9.0,2.0,2.0,7.0
1535,14.0,1.0,2.0,7.0
670,17.0,1.0,2.0,1.0
1665,7.0,2.0,2.0,7.0
1853,6.0,3.0,2.0,7.0
898,13.0,1.0,2.0,7.0
2341,2.0,1.0,2.0,7.0
1815,6.0,1.0,2.0,7.0
2272,12.0,2.0,2.0,7.0
685,13.0,1.0,2.0,7.0
2448,3.0,1.0,2.0,7.0
2150,2.0,1.0,2.0,7.0
2413,2.0,2.0,2.0,7.0
1000,3.0,1.0,2.0,7.0
2403,8.0,1.0,2.0,7.0
705,15.0,2.0,2.0,7.0
1309,10.0,2.0,2.0,7.0
2475,11.0,1.0,2.0,7.0
1940,26.0,1.0,2.0,7.0
2307,7.0,2.0,2.0,7.0
2176,10.0,2.0,2.0,7.0
2067,2.0,1.0,2.0,7.0
2322,5.0,2.0,2.0,7.0
1328,9.0,1.0,2.0,7.0
1090,17.0,1.0,2.0,7.0
1525,14.0,1.0,2.0,7.0
2450,4.0,1.0,2.0,7.0
2208,7.0,2.0,2.0,7.0
2358,4.0,3.0,2.0,7.0
2283,18.0,1.0,2.0,7.0
2090,8.0,1.0,2.0,7.0
2036,3.0,1.0,2.0,7.0
1486,1.0,1.0,2.0,7.0
2462,6.0,2.0,2.0,7.0
2254,1.0,2.0,2.0,7.0
2396,6.0,1.0,2.0,7.0
1049,5.0,3.0,2.0,7.0
2487,4.0,1.0,2.0,7.0
2376,7.0,1.0,2.0,7.0
776,2.0,1.0,2.0,7.0
2147,3.0,1.0,2.0,7.0
2246,1.0,1.0,2.0,7.0
2065,2.0,2.0,2.0,7.0
1156,3.0,1.0,2.0,7.0
2181,3.0,1.0,2.0,7.0
873,1.0,1.0,2.0,7.0
2038,2.0,1.0,2.0,7.0
632,6.0,1.0,2.0,1.0
2236,2.0,1.0,2.0,7.0
2063,2.0,1.0,2.0,7.0
2024,1.0,1.0,2.0,7.0
2239,2.0,2.0,2.0,7.0
2418,1.0,1.0,2.0,7.0
2389,1.0,2.0,2.0,7.0
2180,4.0,1.0,2.0,7.0
2290,2.0,1.0,2.0,7.0
2343,1.0,1.0,2.0,7.0
2494,3.0,1.0,2.0,7.0
792,1.0,1.0,2.0,7.0
2213,2.0,1.0,2.0,7.0
2139,1.0,1.0,2.0,7.0
2275,1.0,1.0,2.0,7.0
388,20.0,2.0,2.0,1.0
1866,20.0,1.0,2.0,7.0
1422,20.0,1.0,2.0,7.0
907,20.0,1.0,2.0,7.0
1267,20.0,2.0,2.0,7.0
1894,20.0,3.0,2.0,7.0
1563,20.0,1.0,2.0,7.0
1455,20.0,3.0,2.0,7.0
1357,20.0,1.0,2.0,7.0
1040,20.0,1.0,2.0,7.0
1789,20.0,1.0,2.0,7.0
